"id","age","gender","orientation","relation_length","relation_type","se_share","se_antic","se_sync","se_persp","se_sim","se_realc","se_realev","se_cert","rel_identity_1","rel_identity_2","rel_identity_3","rel_identity_4","rel_identity_5","rel_identity_6","rel_identity_7","rel_identity_8","rel_identity_9","rel_identity_10","rel_identity_11","responsive_1","responsive_2","responsive_3","responsive_4","responsive_5","responsive_6","responsive_7","responsive_8","responsive_9","responsive_10","responsive_11","responsive_12","responsive_13","responsive_14","responsive_15","responsive_16","responsive_17","intimate_1","intimate_2","intimate_3","satisfact_1","satisfact_2","satisfact_3","satisfact_4","satisfact_5","satisfact_6"
1,58,2,1,12,4,4,3,4,6,3,5,5,6,4,4,6,4,6,6,2,7,7,1,4,7,6,6,7,7,6,6,6,6,7,6,6,6,6,7,7,7,6,6,6,6,6,6,6,6,6
2,41,2,1,11,5,3,4,4,6,6,1,4,4,7,7,7,5,5,5,7,3,2,4,5,5,5,5,5,5,5,5,5,5,5,3,3,5,5,5,5,5,6,6,7,7,7,7,7,7,7
3,26,1,1,2,5,7,7,7,7,4,7,7,4,7,4,4,4,4,4,4,4,4,4,7,7,7,7,7,7,7,7,7,7,7,7,7,7,7,7,7,7,7,7,7,7,7,7,7,7,7
4,25,1,1,2,2,6,6,6,6,6,6,5,6,6,5,6,6,5,6,5,5,3,6,5,6,6,5,6,6,6,6,6,6,6,6,6,5,6,6,6,6,7,6,5,6,6,6,6,6,6
5,42,2,1,5,2,7,7,7,6,6,4,5,5,3,3,5,4,3,5,2,6,6,2,4,5,3,7,6,6,5,5,7,5,6,5,6,4,6,5,5,5,5,5,6,5,5,5,5,5,5
6,60,2,1,30,5,7,6,7,7,7,4,7,6,6,6,7,6,7,7,6,1,1,4,6,6,6,5,7,6,5,4,4,4,6,5,7,4,6,4,5,4,4,5,6,6,4,4,5,6,7
7,24,2,3,3,5,6,5,5,6,4,5,4,4,5,6,7,5,5,7,5,3,3,4,5,7,6,7,7,7,6,7,7,7,7,7,5,5,5,6,6,7,6,6,6,7,7,7,7,7,7
8,40,2,1,5,6,1,1,1,3,3,1,5,1,5,4,6,1,1,4,1,5,4,2,5,7,6,6,7,4,1,1,1,2,2,1,1,1,2,1,3,2,2,2,2,3,1,3,2,5,5
9,46,1,1,19,5,4,5,5,5,5,4,5,5,5,5,4,6,5,6,5,2,2,5,5,7,5,4,6,4,6,5,5,5,6,4,5,4,5,4,5,4,4,5,5,5,6,5,4,5,6
10,35,2,1,6,5,7,5,3,6,6,4,3,4,7,7,7,5,4,7,5,2,1,1,1,6,6,7,7,7,7,7,7,7,7,6,7,7,7,7,7,7,6,6,6,7,7,7,7,7,7
11,35,1,1,12,5,6,3,5,6,4,4,5,6,7,7,7,6,7,7,7,1,1,7,6,6,6,6,6,6,6,6,6,6,6,6,7,7,7,7,7,7,6,6,6,6,5,6,7,7,7
12,57,2,1,19,3,5,7,7,6,3,7,6,3,5,7,7,4,5,6,5,3,3,3,5,7,7,7,7,7,7,6,6,6,7,5,5,7,7,4,3,3,7,7,7,5,4,3,6,7,7
13,33,2,1,7,5,4,5,5,5,4,5,5,5,7,7,6,6,5,6,5,3,2,4,4,4,3,5,4,5,4,4,7,5,6,4,5,4,6,5,5,5,5,5,4,4,3,3,4,4,7
14,47,2,1,25,5,4,6,5,5,5,5,6,4,5,7,6,5,6,5,6,2,2,4,3,5,5,4,5,5,4,4,3,5,6,4,3,3,5,4,5,5,6,6,5,3,3,3,4,4,7
15,28,2,1,2,2,6,5,5,6,7,4,7,6,7,7,7,7,7,7,5,2,1,6,7,7,7,7,7,7,7,7,7,7,7,7,7,6,7,7,7,7,7,7,7,7,6,7,7,7,7
16,23,1,1,2,6,5,4,5,2,3,5,6,5,5,5,3,3,4,3,5,2,5,3,5,4,3,6,4,6,4,5,4,3,5,3,5,5,3,5,3,5,4,4,4,4,4,5,5,4,5
17,46,1,1,14,5,5,7,5,7,7,4,7,6,4,7,7,4,6,6,5,1,1,3,4,7,7,7,7,7,7,7,7,7,7,5,7,7,7,7,7,7,7,7,7,7,4,7,7,7,7
18,59,2,1,3,1,6,7,6,5,5,5,6,5,4,5,4,4,4,5,5,3,3,4,6,5,4,5,5,5,4,3,4,4,5,5,5,4,4,4,4,4,6,6,5,6,5,4,6,4,6
19,34,2,1,8,4,6,6,6,6,6,7,7,6,7,7,6,5,7,7,7,1,1,6,6,6,6,7,7,7,5,7,7,7,7,6,7,5,6,7,7,7,7,7,7,6,7,7,7,6,7
20,57,2,1,35,5,6,6,6,6,7,4,6,6,6,6,6,6,6,6,6,2,3,6,5,6,6,6,6,6,6,6,6,6,6,6,6,6,6,7,7,7,5,7,7,7,5,6,7,7,7
21,24,2,1,2,2,6,4,7,5,6,6,7,7,6,7,7,6,7,7,7,1,2,7,7,7,6,7,7,7,7,7,7,7,7,7,7,7,7,7,7,7,7,7,7,7,6,6,7,7,7
22,25,1,1,2,1,3,5,5,5,4,5,5,5,5,4,6,3,4,4,5,4,5,5,5,4,5,5,4,4,6,7,6,6,7,6,5,5,5,7,7,7,7,7,7,7,6,6,6,7,7
23,52,2,1,16,1,7,6,6,7,7,5,6,7,6,7,7,6,4,6,6,6,5,6,5,7,7,7,7,7,7,7,7,7,7,7,7,7,7,6,6,6,5,7,7,7,7,6,7,7,7
24,28,2,3,8,5,5,2,5,4,5,3,3,3,4,6,6,4,4,7,4,3,4,4,5,5,4,4,6,4,5,5,6,5,5,3,3,3,3,1,1,4,4,4,3,1,1,1,2,2,7
25,51,2,1,16,5,3,3,2,3,3,3,4,4,3,4,5,2,3,5,3,3,5,2,4,5,5,3,5,4,5,2,4,3,4,3,3,4,5,3,3,4,3,4,5,3,3,2,4,4,6
26,27,2,1,8,5,4,2,3,3,4,4,5,4,7,7,7,6,7,7,6,2,1,5,7,7,7,6,7,7,7,6,7,7,7,6,7,6,7,7,7,7,7,7,7,7,6,6,7,7,7
27,24,2,1,4,5,5,5,6,3,5,2,5,2,7,7,7,7,7,7,7,1,1,6,7,7,7,7,7,7,7,7,7,7,7,7,7,7,7,7,7,7,7,7,7,7,4,7,7,7,7
28,23,2,1,8,6,5,5,7,6,7,3,5,3,6,7,7,5,7,7,5,1,1,4,5,7,7,4,7,7,5,4,6,4,5,3,4,4,5,5,4,5,5,6,6,4,5,3,5,4,7
29,37,2,1,19,5,6,5,6,6,6,5,7,6,6,6,6,6,6,6,6,2,2,6,6,7,7,7,7,7,7,7,7,7,7,7,7,7,7,7,7,7,7,7,7,7,6,7,7,7,7
30,23,2,1,5,5,7,5,7,7,7,7,7,7,7,7,7,7,7,7,7,2,1,7,6,7,7,7,7,7,7,6,7,7,7,7,7,7,7,7,6,7,6,7,7,7,7,7,7,7,7
31,36,2,1,8,5,6,6,6,7,6,4,6,6,6,7,6,6,6,7,6,2,2,6,4,7,6,6,7,6,5,7,7,7,7,6,7,6,7,7,6,7,6,7,7,6,7,6,6,6,7
32,30,1,1,14,5,5,7,7,5,5,6,7,6,7,6,7,5,7,7,7,1,1,7,5,7,6,7,7,6,5,5,6,5,7,5,7,7,7,5,7,4,6,7,7,5,6,5,7,7,7
33,23,2,3,6,4,5,5,4,5,5,1,1,5,5,5,7,3,4,6,6,1,1,4,7,6,7,6,7,7,7,7,7,7,7,7,6,7,7,7,6,7,7,7,7,6,5,7,7,7,7
34,33,1,1,6,2,7,5,5,6,6,6,6,6,6,6,6,6,6,7,6,2,2,5,6,6,6,7,7,7,6,7,6,7,7,7,7,5,6,7,7,7,7,7,7,7,6,5,7,7,7
35,42,1,1,12,5,6,5,5,6,6,5,6,6,5,5,5,5,6,6,5,4,3,5,5,6,6,6,6,6,6,6,6,6,6,6,5,5,5,6,6,6,5,6,6,6,6,6,6,5,7
36,44,2,1,15,5,7,7,6,6,7,4,5,5,6,6,6,5,6,6,6,2,2,5,5,7,7,6,7,6,6,5,6,6,6,6,6,6,6,6,4,5,7,6,6,6,6,6,6,6,7
37,27,2,1,8,5,4,6,7,6,5,5,5,4,5,6,6,6,4,5,5,3,3,5,5,7,7,7,7,7,7,7,7,6,7,6,6,6,6,7,6,6,3,6,6,6,5,5,5,3,6
38,42,2,1,16,5,7,4,7,7,7,7,7,7,7,7,7,7,7,7,7,7,7,7,7,7,7,7,7,7,7,7,7,7,7,7,7,7,7,7,7,7,7,7,7,7,7,7,7,7,7
39,54,2,1,21,5,7,7,7,7,7,7,7,7,7,7,7,7,7,7,7,1,1,7,7,7,7,7,7,7,7,7,7,7,7,7,7,7,7,7,7,7,7,7,7,7,6,7,7,7,7
40,27,2,1,2,1,3,4,3,6,3,1,2,5,6,6,7,4,5,5,6,1,2,3,6,7,7,7,7,7,6,6,7,7,7,6,7,7,7,6,6,7,7,7,6,7,4,6,7,7,7
41,49,1,1,11,5,6,5,5,5,4,4,4,4,6,7,5,4,5,7,4,3,3,4,4,7,7,6,7,7,7,7,6,7,7,6,7,6,7,7,7,7,6,6,6,7,4,6,7,7,7
42,51,2,1,18,5,5,4,4,5,6,5,7,5,6,6,7,6,5,7,6,2,5,5,5,7,6,7,7,7,6,7,7,7,7,6,7,7,7,7,7,7,7,7,7,6,7,7,7,7,7
43,35,2,2,12,5,6,7,6,5,5,4,4,5,5,5,6,5,5,7,4,4,6,3,6,6,6,6,6,6,6,6,6,6,6,6,6,6,6,7,7,7,4,6,7,6,6,6,6,5,7
44,55,1,1,31,5,6,7,7,5,6,5,5,5,5,6,6,2,4,6,5,6,6,2,4,5,5,6,6,6,5,5,6,6,6,6,7,7,7,6,6,6,6,6,6,6,7,6,6,7,7
45,24,2,1,4,5,7,7,7,7,7,5,7,6,6,7,7,7,7,7,6,1,1,5,5,7,7,7,7,7,5,7,7,7,7,7,7,7,7,7,7,7,3,6,6,5,5,5,6,3,7
46,39,1,1,2,5,7,7,7,7,7,4,7,7,7,7,7,7,7,5,7,1,1,7,7,7,7,7,7,7,7,7,7,7,7,7,7,7,7,7,7,7,7,7,7,7,7,7,7,7,7
47,38,1,1,11,5,4,6,6,6,2,2,4,4,6,6,6,5,5,6,6,4,2,3,5,7,6,7,7,5,6,5,6,7,7,5,6,6,6,7,6,6,4,5,5,6,6,5,5,6,7
48,46,2,1,5,2,5,4,4,5,5,3,5,4,6,6,6,4,4,6,4,6,6,4,5,7,7,6,7,5,5,5,6,5,6,6,5,5,5,6,6,6,7,6,6,6,6,6,7,7,7
49,48,2,1,28,5,6,7,7,7,6,7,7,6,7,7,7,6,7,7,7,1,1,6,6,7,7,7,7,7,7,7,7,7,7,7,7,7,7,7,7,7,6,7,7,7,7,7,7,7,7
50,27,2,3,5,2,6,5,5,5,5,6,4,4,7,7,7,7,7,7,7,3,4,6,7,7,7,7,7,6,6,6,7,6,6,7,7,6,7,7,7,7,7,7,6,7,6,6,7,7,7
51,39,2,1,10,5,4,5,5,6,5,2,5,4,6,7,7,6,7,7,6,1,1,7,7,7,7,7,7,7,7,6,7,7,7,6,7,6,7,7,6,6,5,7,7,7,6,7,7,6,7
52,27,1,1,6,5,4,4,4,4,5,4,6,5,6,7,6,6,6,5,5,3,2,5,5,5,4,3,5,4,5,5,5,5,4,4,4,5,5,5,5,4,5,6,6,5,3,2,5,4,6
53,51,2,1,30,5,7,7,7,7,7,6,6,7,6,7,7,6,6,7,6,2,2,6,6,7,7,7,7,7,7,7,7,7,7,7,7,7,7,7,7,7,6,7,7,7,4,6,7,6,7
54,28,2,1,1,1,6,5,6,5,5,4,6,5,6,7,7,6,7,7,5,3,5,3,3,7,6,6,6,6,6,6,6,5,6,7,6,6,6,6,6,6,7,7,7,6,6,6,6,6,7
55,30,2,1,13,5,6,6,6,5,6,6,7,7,7,7,7,7,5,7,5,3,4,5,5,7,7,7,7,7,7,7,7,7,7,7,7,7,7,7,7,7,7,7,7,7,5,5,7,7,7
56,38,2,1,8,5,7,4,6,6,6,7,6,7,5,7,7,6,4,6,4,7,6,6,5,4,6,6,6,6,5,5,7,7,6,6,5,6,6,7,7,7,7,7,7,7,6,6,7,7,7
57,56,1,1,28,2,3,5,2,6,5,5,5,5,4,5,6,4,5,6,3,5,2,3,3,5,4,3,5,4,4,3,4,3,5,4,5,4,5,4,5,3,2,5,5,4,3,3,5,2,5
58,39,2,3,8,4,6,7,7,6,6,4,7,7,5,5,7,4,4,7,5,2,4,4,2,7,7,7,7,7,7,7,7,7,7,7,7,7,7,7,7,7,7,7,7,7,7,7,7,7,7
59,33,1,1,12,5,4,5,4,4,4,4,5,4,7,7,7,7,7,7,7,7,7,7,7,7,7,7,7,7,7,7,7,7,7,7,7,7,7,7,7,7,7,7,7,7,7,7,7,7,7
60,27,2,3,1,1,7,7,7,5,5,6,5,6,2,7,7,5,6,6,4,6,6,3,4,5,3,4,6,5,4,4,4,3,3,5,3,4,4,2,2,3,5,5,5,2,4,2,3,2,7
61,28,2,1,5,5,5,6,6,7,7,6,5,5,7,7,7,7,7,7,7,1,1,6,5,7,7,7,7,7,6,7,7,6,7,7,7,7,7,7,7,7,7,7,7,7,7,7,7,7,7
62,37,1,1,7,5,6,7,4,4,4,4,6,4,4,4,3,3,1,5,3,7,5,2,2,7,7,4,7,5,6,6,7,5,7,4,3,3,6,6,4,5,2,6,6,7,7,6,7,2,7
63,41,2,1,17,6,5,5,5,5,4,6,5,5,6,6,6,5,5,6,5,2,3,6,4,5,5,7,5,7,5,5,7,6,7,5,6,4,5,5,5,6,6,6,6,6,5,4,6,5,6
64,28,2,1,8,5,7,7,7,7,7,4,7,7,7,7,7,7,7,7,7,1,1,5,7,7,7,7,7,7,7,7,7,7,7,7,7,7,7,7,7,7,7,7,7,7,7,7,7,7,7
65,23,2,1,23,5,7,5,3,5,4,5,7,4,5,4,5,5,5,7,7,5,5,7,7,6,6,3,5,7,7,5,5,5,5,5,7,7,5,7,5,5,7,5,5,7,5,5,7,7,7
66,65,2,1,47,5,6,6,4,6,4,2,2,5,4,5,6,2,4,6,5,2,4,4,4,5,5,5,5,5,5,5,5,7,5,2,5,3,5,5,5,7,4,6,6,6,4,4,6,6,7
67,45,1,1,20,5,7,5,5,6,7,7,5,6,6,7,7,7,6,7,5,1,1,6,7,7,6,7,7,7,5,6,7,7,7,7,7,7,7,7,7,7,6,7,7,7,7,7,7,7,7
68,42,2,1,2,1,5,5,5,5,5,6,6,3,4,5,5,4,4,5,4,7,7,2,2,7,7,6,7,7,6,6,6,6,6,6,5,6,6,6,5,6,5,5,5,5,4,5,5,6,5
69,34,1,1,7,5,6,4,5,6,4,6,6,5,7,7,7,7,7,7,7,3,2,7,7,7,7,7,7,7,7,7,7,7,7,7,7,7,7,7,7,7,7,7,7,7,7,7,7,7,7
70,31,1,1,12,5,6,2,2,7,4,6,6,6,6,7,7,5,6,7,6,1,1,6,6,7,7,7,7,7,7,7,7,6,7,3,7,7,7,7,7,7,6,6,7,7,7,6,7,7,7
71,26,1,1,3,5,3,5,5,6,4,5,6,5,5,6,6,4,5,6,5,6,6,5,3,3,5,6,5,5,6,4,5,2,3,4,6,5,3,5,5,3,6,5,5,6,6,6,6,5,7
72,23,1,1,2,1,5,6,4,6,6,6,6,6,6,6,6,5,4,5,6,2,1,6,5,7,6,7,7,7,7,7,7,6,7,6,7,7,7,7,7,7,7,7,7,7,7,6,7,7,7
73,53,1,1,27,5,2,2,2,2,1,1,1,1,2,2,6,1,1,5,2,6,5,1,6,2,2,1,2,1,1,1,1,1,1,1,1,1,1,1,1,1,1,1,1,1,1,1,1,1,2
74,23,1,1,3,5,4,4,3,6,5,4,5,6,7,7,7,6,6,7,6,2,2,7,7,7,6,6,6,6,6,7,6,6,7,5,5,7,7,7,7,7,6,7,7,7,6,6,7,7,7
75,30,2,3,6,5,5,4,6,6,5,6,6,6,7,6,7,6,6,6,7,1,1,5,6,7,7,7,7,7,7,7,7,7,7,7,7,7,7,7,7,7,7,7,7,7,5,6,7,7,7
76,32,2,1,8,5,7,5,7,7,7,7,7,7,7,7,7,7,7,7,7,1,1,7,7,7,7,7,7,7,7,7,7,7,7,7,7,7,7,7,7,7,7,7,7,7,7,7,7,7,7
77,64,1,1,44,5,6,6,6,6,6,6,7,6,7,7,7,7,7,7,7,1,1,6,7,7,7,7,7,7,7,7,7,7,7,6,7,7,7,7,7,7,7,7,7,7,7,7,7,7,7
78,47,2,1,6,1,4,5,5,5,6,6,5,4,4,7,7,5,6,7,6,2,2,4,6,5,3,5,5,3,3,3,4,3,3,3,3,5,4,4,4,3,4,5,3,3,4,3,4,3,7
79,23,2,4,4,2,5,4,5,6,5,5,6,6,7,7,7,7,7,7,7,1,1,6,7,6,6,7,7,7,7,7,7,7,7,6,7,7,7,7,7,7,7,7,7,7,7,7,7,7,7
80,31,2,1,1,1,3,2,5,5,5,4,6,4,4,5,6,4,5,5,5,2,3,2,6,6,4,6,6,6,3,7,4,4,7,2,7,7,6,7,5,3,4,5,4,6,4,4,5,4,6
81,25,1,1,6,2,7,6,7,7,7,7,7,7,7,7,7,7,7,7,7,1,1,7,7,7,6,7,7,7,7,7,7,7,7,7,7,7,7,7,7,7,7,7,7,7,7,7,7,7,7
82,23,1,1,1,4,6,6,5,6,6,7,6,6,6,7,7,6,5,7,6,3,3,6,7,7,6,7,6,7,6,6,7,7,7,7,7,6,7,7,7,7,6,6,6,7,6,7,7,7,7
83,22,1,2,2,3,6,6,6,6,6,4,4,6,6,6,6,6,7,6,7,1,2,6,4,7,7,7,7,7,7,7,7,7,7,7,7,7,7,6,7,7,6,7,7,7,7,7,7,7,7
84,35,2,1,10,5,7,6,6,6,6,7,6,6,7,7,7,7,7,7,7,1,1,7,7,7,7,6,7,6,6,5,5,5,6,6,6,6,6,6,6,5,7,7,7,7,6,6,7,7,7
85,27,2,1,9,5,5,6,6,6,6,6,7,6,6,6,6,6,6,6,6,2,2,6,6,6,6,6,6,6,6,5,6,6,6,6,6,6,6,5,5,5,5,6,5,6,6,6,6,5,6
86,36,2,1,14,5,5,7,6,6,6,6,7,5,6,7,7,6,7,7,7,3,3,5,7,7,7,7,7,7,7,7,7,7,7,7,7,7,7,7,7,7,7,7,7,7,6,7,7,7,7
87,28,1,1,3,1,5,6,6,6,6,5,6,5,6,6,6,6,5,6,6,5,5,5,6,6,6,6,7,7,7,7,6,7,7,7,7,6,6,7,7,7,7,7,7,6,6,6,7,7,7
88,26,2,1,8,5,6,5,7,7,3,4,7,7,7,7,7,7,7,7,7,1,1,7,7,7,7,7,7,7,7,7,7,7,7,7,7,7,7,7,7,7,7,7,7,7,7,7,7,7,7
89,25,1,3,7,5,4,4,4,4,4,4,4,4,4,4,4,4,4,4,4,4,4,4,4,4,4,4,4,4,4,4,4,4,4,4,4,4,4,4,4,4,4,4,4,4,4,4,4,4,4
90,71,2,1,42,5,6,6,7,6,6,5,6,7,6,7,6,6,5,7,5,3,2,4,3,6,5,6,5,7,6,7,5,6,7,6,7,6,5,7,7,6,6,7,6,6,6,7,6,2,6
91,36,1,1,10,5,7,7,7,7,7,7,7,7,7,7,7,7,7,7,7,1,1,7,7,7,7,7,7,7,7,7,7,7,7,7,7,7,7,7,7,7,7,7,7,7,7,7,7,7,7
92,41,2,1,5,3,5,6,6,5,5,3,6,2,5,6,6,4,6,6,4,4,4,2,3,7,7,5,7,7,7,7,7,7,7,7,7,7,7,7,7,7,7,7,7,7,7,7,7,7,7
93,24,2,1,4,2,6,5,5,7,6,7,6,6,7,7,7,7,5,7,7,2,4,6,6,7,7,7,7,7,7,7,7,7,7,7,7,7,7,7,7,7,7,7,7,7,7,7,7,7,7
94,25,2,1,1,4,6,7,7,6,6,2,6,7,5,6,7,4,7,6,5,1,2,4,5,7,7,7,7,7,6,7,7,7,7,6,7,7,7,7,7,7,7,7,7,7,4,7,7,7,7
95,33,2,3,2,1,5,2,3,3,4,6,4,3,5,5,6,3,4,5,3,5,3,3,4,5,5,5,5,5,5,5,6,6,5,5,5,4,5,5,5,6,5,5,5,5,4,5,6,5,6
96,21,2,3,1,2,4,7,7,5,7,6,5,5,6,7,7,7,6,7,5,3,5,5,6,6,6,7,7,5,5,5,7,7,6,7,6,6,7,7,7,7,6,7,6,6,7,5,6,6,7
97,28,1,1,3,2,5,6,6,7,7,4,7,7,7,7,7,7,7,7,7,1,2,7,7,7,7,7,7,7,7,7,7,7,7,7,7,7,7,7,7,7,7,7,7,7,7,7,7,7,7
98,50,2,1,30,5,7,7,7,7,7,7,7,7,7,7,7,7,7,7,7,1,1,7,7,7,7,6,7,5,7,7,7,7,7,7,7,7,7,7,7,7,5,6,6,7,6,6,6,6,7
99,39,1,1,13,5,6,6,5,6,7,5,6,6,7,6,6,6,7,7,7,1,1,6,7,7,7,7,7,6,7,7,7,6,6,6,7,7,7,7,7,6,7,7,7,7,7,6,7,7,7
100,23,2,3,2,1,7,5,6,7,7,7,7,6,6,7,7,6,7,7,6,1,1,6,7,7,7,7,7,7,7,7,7,7,7,7,7,7,7,7,7,7,5,7,7,6,6,6,7,4,7
101,25,1,1,7,1,7,6,6,7,4,6,6,7,7,7,7,7,7,7,7,7,7,7,7,7,6,7,7,7,7,7,6,6,7,7,7,7,7,7,7,7,7,7,7,7,7,6,6,7,7
102,31,2,1,4,4,6,6,6,7,7,7,6,7,7,7,7,7,7,7,5,5,4,7,7,7,7,7,7,7,7,7,7,7,7,7,7,7,7,7,7,7,6,7,7,7,7,6,7,7,7
103,44,1,1,26,5,6,6,6,6,6,6,6,6,6,6,6,6,6,6,6,2,2,6,6,6,6,6,6,6,6,5,6,6,6,6,6,6,6,6,6,6,7,6,6,6,6,6,6,6,7
104,32,2,4,5,5,6,4,4,5,5,2,3,3,3,3,5,3,2,7,3,6,6,2,3,6,6,7,6,7,6,5,6,5,7,6,4,5,6,6,5,5,6,6,5,6,5,4,5,6,7
105,35,2,1,14,5,7,5,5,7,6,7,4,4,5,6,7,5,3,7,5,3,5,3,2,7,7,7,7,7,7,7,7,7,7,7,7,7,7,7,7,7,7,7,7,7,7,7,7,7,7
106,19,2,1,4,2,4,6,5,5,5,5,5,4,4,4,4,3,6,6,4,2,5,2,3,3,3,3,5,2,1,1,1,1,2,3,2,2,2,2,2,2,2,6,6,3,2,2,4,2,5
107,29,1,1,5,1,4,5,5,6,6,6,5,5,5,5,6,6,5,6,6,2,2,4,4,4,6,4,6,6,6,5,5,5,6,5,5,6,6,6,6,6,4,5,6,5,5,5,5,4,7
108,31,2,2,6,5,5,5,4,5,5,4,5,5,5,5,6,6,6,6,6,4,4,4,5,5,5,6,6,6,6,6,6,6,6,5,6,6,7,7,7,7,6,6,6,6,6,6,6,6,7
109,20,1,2,2,2,3,2,3,2,3,3,3,3,4,4,4,4,4,4,4,4,5,3,4,4,5,4,4,4,4,4,4,4,4,4,4,4,4,4,4,4,4,4,4,5,4,4,5,4,7
110,45,1,1,9,1,7,7,1,5,2,4,7,7,7,4,2,2,3,7,7,6,7,5,7,7,7,7,7,1,1,1,1,1,5,4,2,7,2,7,3,1,2,5,5,1,3,1,3,1,7
111,26,2,1,4,5,5,6,7,6,5,5,7,7,5,7,6,4,6,6,6,3,3,3,4,6,5,6,6,6,6,6,6,5,5,6,6,5,6,6,6,6,4,6,6,6,5,5,5,6,7
112,49,1,1,25,5,2,4,3,5,5,5,2,6,4,4,4,4,3,6,4,6,2,2,3,5,5,5,5,5,5,5,5,5,5,3,5,5,5,5,5,5,4,6,5,5,7,5,5,5,6
113,22,1,1,4,1,7,7,7,7,7,7,7,7,7,7,7,7,7,7,7,7,1,7,7,7,7,7,7,7,7,7,7,7,7,7,7,7,7,7,7,7,7,7,7,7,7,7,7,7,7
114,28,2,1,1,1,5,6,5,6,6,5,6,6,6,6,6,6,6,6,6,1,1,6,7,6,6,6,6,6,6,5,6,5,6,6,6,6,6,6,6,5,6,6,6,6,6,6,6,6,6
115,40,2,1,1,1,6,4,4,5,4,3,4,5,5,5,6,5,4,5,5,3,2,4,4,5,4,5,5,6,5,5,5,6,5,4,4,4,5,6,7,6,5,4,5,5,4,4,4,5,5
116,55,1,1,2,2,4,5,5,5,5,5,4,3,5,6,7,5,4,7,5,4,5,4,4,3,4,4,4,4,5,4,5,5,3,5,4,4,5,4,5,4,5,6,7,6,4,4,5,4,6
117,39,1,1,16,5,7,7,7,7,7,7,7,7,7,7,7,7,7,7,7,2,1,7,7,7,7,7,7,7,7,7,7,7,7,7,7,7,7,7,7,7,7,7,7,7,7,7,7,7,7
118,22,1,1,1,1,5,5,4,6,5,2,6,6,5,6,7,2,3,6,4,5,6,2,3,6,6,7,7,7,6,6,7,7,7,7,7,7,7,7,7,7,7,7,7,7,6,6,7,7,7
119,30,2,1,1,2,2,5,5,6,3,4,6,6,6,5,7,4,4,7,5,3,3,5,5,5,3,6,4,3,3,6,5,4,4,2,6,3,5,7,7,6,6,6,6,5,6,4,5,6,6
120,36,1,1,1,1,7,7,6,6,6,7,7,6,7,7,7,7,7,7,7,1,1,7,7,7,7,7,7,7,7,7,7,7,7,7,7,7,7,7,7,7,7,7,7,7,7,7,7,7,7
121,39,1,1,1,1,4,4,4,5,5,4,6,5,5,6,6,7,5,7,7,1,7,5,7,5,5,5,5,6,5,6,6,5,5,7,6,6,7,6,6,6,6,5,5,6,5,5,6,7,7
122,33,1,1,1,1,5,5,6,5,5,5,6,6,6,6,6,6,6,5,6,2,2,6,6,6,6,5,6,6,6,6,6,6,6,6,6,6,6,6,6,6,6,6,6,6,6,6,6,6,6
123,23,1,2,1,2,6,5,4,5,5,6,5,5,5,7,4,5,6,4,5,3,5,3,6,6,5,6,6,6,5,4,6,7,5,6,6,5,7,7,6,6,7,6,6,7,5,5,6,6,7
124,26,1,1,1,1,6,3,1,5,2,1,5,2,5,5,6,3,2,4,3,7,7,2,4,4,5,7,6,7,7,5,6,7,6,6,7,7,7,6,7,7,4,6,6,7,5,4,4,4,4
125,24,2,1,1,1,5,6,4,7,6,4,7,5,7,7,7,6,7,7,7,1,3,6,6,7,7,7,7,7,7,7,7,7,7,5,7,7,7,7,7,7,5,7,7,7,4,7,7,7,7
126,29,1,1,1,1,5,5,5,5,5,4,5,5,5,5,6,6,4,5,6,2,2,4,5,6,6,6,5,6,6,6,6,6,6,5,5,5,5,6,6,5,6,6,6,6,4,5,6,6,5
127,28,1,1,1,2,4,1,1,4,3,1,1,1,4,4,4,4,1,6,3,6,7,1,1,3,4,5,5,5,5,5,5,5,5,4,5,5,5,7,7,7,6,6,4,6,6,6,6,6,6
128,29,2,1,1,1,6,5,5,5,5,5,6,5,6,6,6,6,5,6,5,3,3,5,5,6,6,6,6,6,6,6,6,6,6,5,6,6,6,6,6,6,5,6,6,6,5,5,6,6,6
129,34,1,1,1,1,5,5,3,5,5,5,5,5,3,5,5,2,3,5,3,4,5,5,5,5,5,5,5,5,5,5,6,4,5,3,4,5,6,6,6,6,6,5,3,6,5,5,5,5,5
130,24,1,1,1,1,6,5,4,6,5,6,4,4,5,7,7,7,7,7,7,2,1,5,6,3,5,4,5,5,5,7,7,7,7,5,7,5,5,5,7,7,6,7,7,7,7,7,7,7,7
131,34,2,3,1,2,1,4,2,2,2,2,2,3,2,2,2,2,1,2,1,6,1,1,2,3,3,2,4,2,2,2,3,3,2,1,2,2,2,1,2,2,5,3,2,3,1,1,3,2,4
132,32,1,1,1,1,6,5,5,6,6,3,5,5,6,7,6,5,6,7,7,3,3,6,7,5,6,6,7,6,6,7,7,6,7,7,6,5,7,7,7,7,6,6,6,7,6,6,7,7,6
133,25,1,1,1,1,6,6,5,6,5,4,6,6,6,5,6,7,6,7,6,3,3,6,6,7,6,7,7,6,7,7,7,7,7,7,7,6,7,7,7,7,6,7,7,7,7,7,7,7,7
134,25,2,3,1,2,2,2,2,3,3,4,4,2,2,2,5,2,4,4,2,6,6,2,4,4,3,5,4,4,3,4,6,3,5,3,6,3,5,5,5,3,4,4,3,4,4,5,4,2,4
135,35,2,2,1,1,4,5,6,4,4,2,3,3,5,6,7,4,3,6,6,1,4,4,5,3,6,6,4,4,6,7,5,7,7,4,5,5,6,7,6,7,4,4,3,5,4,3,6,3,7
136,29,2,1,1,3,7,7,7,7,7,7,7,6,5,7,7,7,7,7,4,7,7,4,7,7,7,7,7,7,7,7,7,7,7,7,7,7,7,7,7,7,7,7,7,7,7,7,7,7,7
137,24,2,3,1,2,5,3,3,6,5,3,6,5,5,6,6,5,5,7,6,3,3,6,5,5,5,6,5,6,6,6,6,6,6,7,6,6,7,7,7,7,5,6,6,6,5,5,6,6,5
138,26,1,1,1,1,6,5,6,5,6,6,5,6,5,5,6,5,5,6,5,3,3,4,6,4,4,4,4,4,5,5,4,4,5,4,5,4,4,4,5,5,6,4,4,5,5,4,5,5,5
139,21,1,1,1,1,5,5,5,5,5,3,6,5,5,7,6,6,5,6,4,3,3,5,4,6,5,6,6,6,5,5,7,5,6,4,5,5,6,4,3,3,6,7,6,6,7,5,5,6,7
140,36,2,1,2,5,6,6,5,6,5,6,6,6,6,6,6,5,6,6,5,3,2,5,4,6,6,7,5,6,6,6,6,5,6,6,6,5,5,6,6,6,6,7,7,6,6,6,6,7,7
141,36,2,1,2,1,5,5,4,4,4,3,5,5,6,6,6,6,6,6,6,6,6,6,6,6,6,6,6,6,6,6,6,6,6,6,6,6,6,6,6,6,6,6,6,6,6,6,6,6,6
142,35,2,1,2,1,5,6,4,6,5,6,6,6,4,4,6,1,3,6,2,7,6,2,5,7,7,7,7,7,7,7,7,7,7,7,7,7,7,7,7,7,7,7,7,7,7,7,7,7,7
143,26,2,2,2,1,6,6,6,6,6,2,6,2,7,7,7,7,7,7,7,7,1,7,7,7,7,7,7,7,7,7,7,7,7,7,7,7,7,7,7,7,7,7,7,7,4,4,7,7,7
144,42,1,2,2,2,3,5,5,3,5,4,6,5,6,6,6,6,7,7,6,2,2,5,5,6,6,5,6,6,5,5,6,6,5,5,6,5,6,6,6,6,7,6,6,5,6,6,6,6,6
145,37,2,1,2,2,6,6,7,7,7,6,7,7,7,7,7,7,7,7,7,1,1,6,6,7,7,7,7,7,7,7,7,7,7,7,7,7,7,7,7,7,7,7,7,7,7,7,7,7,7
146,21,1,2,2,2,6,6,6,6,7,6,6,5,5,7,7,7,6,7,5,3,4,5,6,7,5,6,7,7,6,4,6,6,5,6,7,7,6,6,5,5,5,7,6,7,7,6,7,5,7
147,22,1,1,2,1,7,6,6,6,6,1,6,7,7,3,4,5,4,2,6,5,4,5,6,7,6,6,7,7,6,6,7,7,6,6,7,3,6,7,7,7,7,7,7,7,7,7,7,7,7
148,28,2,1,2,1,5,7,5,6,7,5,5,6,6,6,5,5,6,6,4,3,2,5,5,5,6,6,7,6,5,7,7,6,6,5,7,5,6,7,7,7,7,7,7,7,6,7,7,6,7
149,21,1,3,2,1,3,5,3,3,5,5,5,2,5,6,2,2,2,5,4,4,4,4,5,3,3,5,5,4,4,2,4,3,3,4,2,6,4,4,3,2,6,6,5,5,5,4,5,6,6
150,26,1,1,2,4,5,6,5,6,6,7,7,6,7,7,7,7,7,7,7,3,3,5,7,5,4,5,5,4,5,5,5,5,5,4,5,5,5,5,5,5,7,7,7,6,6,6,6,6,7
151,19,1,1,2,2,5,6,7,7,5,4,7,7,7,7,7,7,4,7,7,2,1,3,7,5,4,7,7,7,5,4,7,7,7,7,7,7,7,7,6,6,7,5,7,5,7,6,7,7,7
152,20,2,1,2,2,6,5,6,7,6,6,6,6,6,7,6,5,6,6,6,2,2,5,7,6,5,6,7,6,6,5,6,5,6,6,6,6,6,6,6,6,6,7,7,7,7,7,7,7,7
153,23,1,1,2,1,4,3,4,4,5,2,3,5,1,1,1,1,1,1,1,7,7,1,1,2,2,5,2,6,2,5,5,5,6,1,4,5,6,4,4,4,2,2,1,1,1,1,1,1,1
154,32,2,1,2,4,3,2,2,1,1,1,1,3,6,1,1,1,1,1,1,1,1,1,5,5,1,1,4,3,3,3,1,1,1,1,1,1,1,1,1,1,1,1,1,2,3,1,1,1,5
155,25,1,3,2,3,5,5,5,5,5,5,5,5,6,6,7,7,7,7,7,1,1,6,6,6,6,7,7,7,7,7,6,6,6,7,7,7,7,6,7,7,6,7,7,7,6,7,7,7,7
156,23,1,1,2,1,5,6,6,5,6,5,7,3,5,6,6,5,6,5,6,2,2,6,6,7,6,6,6,6,7,7,6,7,6,6,7,6,7,7,7,6,6,6,6,6,6,6,6,6,7
157,40,1,1,3,2,6,6,6,6,6,5,6,6,7,7,7,7,7,7,7,1,1,7,7,7,7,7,7,7,7,7,7,7,7,7,7,7,7,7,7,7,7,7,7,7,7,7,7,7,7
158,28,1,1,3,2,6,5,5,5,6,4,6,6,7,7,6,6,6,7,5,2,3,6,5,6,7,5,7,6,7,7,7,6,7,7,6,6,7,7,7,7,7,7,7,7,6,7,7,7,7
159,29,1,1,3,2,5,4,4,6,6,5,4,6,6,6,6,5,6,6,6,4,6,6,6,7,7,6,7,7,6,6,7,7,6,7,7,7,7,7,7,7,6,6,6,6,6,6,6,6,6
160,30,2,1,3,2,5,6,6,6,5,3,4,4,4,5,6,5,2,6,2,7,7,1,1,5,5,7,6,6,6,6,7,7,7,6,6,6,7,7,7,7,6,6,7,6,6,5,7,6,7
161,25,2,1,3,2,5,4,6,4,6,5,3,4,5,6,5,6,5,7,5,3,3,4,5,5,5,5,5,6,4,5,5,5,5,4,4,4,6,5,5,5,4,5,5,5,5,4,4,4,7
162,28,2,1,3,3,4,2,2,6,4,2,7,5,5,6,7,7,6,7,7,2,1,4,6,6,7,7,6,6,7,6,6,7,7,6,7,7,7,7,7,7,6,7,7,7,6,6,7,7,7
163,29,1,1,3,2,6,6,7,5,7,2,7,7,6,7,7,3,6,7,7,1,2,5,7,6,7,7,5,6,6,7,7,7,7,7,7,3,5,6,7,7,5,7,7,5,6,3,6,7,7
164,41,2,1,3,1,6,2,3,6,3,1,4,4,4,4,6,2,4,2,4,7,7,4,4,6,6,6,6,7,6,7,6,6,6,4,6,5,6,5,5,6,6,7,6,6,5,6,7,6,7
165,40,2,1,3,6,5,4,4,5,5,3,5,5,5,7,6,5,6,6,5,2,1,4,4,5,6,5,6,5,5,4,5,4,4,5,4,6,5,4,4,4,5,6,5,6,6,5,5,6,6
166,24,2,1,3,5,5,6,6,5,6,2,6,4,7,7,7,7,7,7,7,1,1,4,6,7,5,5,6,5,5,6,7,6,6,6,6,6,6,7,7,7,7,7,7,7,6,7,7,7,7
167,25,1,1,3,2,7,7,7,7,7,7,7,7,7,7,7,7,7,7,7,1,1,7,7,7,7,7,7,7,7,7,7,7,7,7,7,7,7,7,7,7,7,7,7,7,7,7,7,7,7
168,21,1,1,3,1,6,5,5,6,6,4,4,6,7,6,7,4,6,7,7,4,1,6,6,7,6,7,7,7,7,7,7,7,7,7,7,7,7,7,7,7,7,7,7,7,7,7,7,7,7
169,47,2,1,4,2,6,2,3,5,3,1,5,2,5,4,7,3,6,7,5,5,4,3,5,6,5,6,6,6,6,5,6,6,6,5,6,6,6,7,7,6,6,6,6,6,4,5,6,6,7
170,33,2,2,4,1,3,5,5,4,4,6,7,5,5,5,7,4,5,7,4,2,3,5,4,3,4,7,4,6,5,3,7,6,7,5,4,2,6,5,5,6,7,6,6,5,4,4,5,7,7
171,36,2,1,4,5,3,3,3,3,3,5,5,3,5,5,6,4,5,7,5,3,4,5,5,7,5,5,5,5,4,4,5,4,5,4,5,5,6,5,5,4,4,6,5,5,5,5,5,4,7
172,27,2,1,4,5,7,6,7,7,6,5,7,7,7,7,6,6,7,7,7,1,1,6,6,7,7,6,7,7,7,7,7,7,7,6,7,6,6,7,7,7,7,7,7,7,7,7,7,7,7
173,25,2,3,4,2,6,7,6,6,5,5,6,1,5,7,7,6,7,7,5,2,4,3,4,7,7,7,7,7,7,7,7,7,7,7,7,7,7,7,7,7,7,7,7,6,6,6,6,6,7
174,27,1,1,4,5,7,7,7,7,7,6,7,7,6,7,7,7,5,7,6,7,7,7,7,6,7,7,7,6,7,7,7,7,7,7,7,6,7,7,7,7,7,7,7,7,7,7,7,7,7
175,39,1,1,4,4,5,4,4,4,4,4,5,4,5,5,4,4,6,6,5,3,2,5,5,6,5,7,6,6,6,5,7,6,6,6,7,6,6,7,7,6,7,7,7,7,5,6,7,7,7
176,47,1,1,4,5,7,6,7,6,7,6,7,6,6,6,6,5,6,7,6,2,2,5,5,7,5,6,6,6,6,6,6,6,6,6,6,6,6,7,7,7,7,6,7,6,7,7,6,6,7
177,30,2,1,4,2,6,5,5,6,5,5,6,6,5,4,7,3,4,6,3,3,5,3,3,5,6,6,6,7,6,5,6,6,7,7,7,6,6,7,7,7,6,6,6,7,5,6,7,7,7
178,26,2,1,5,5,7,5,7,7,7,5,7,7,6,7,7,7,7,7,7,7,7,7,7,7,7,7,7,7,7,7,7,7,7,7,7,7,7,7,7,7,7,7,7,7,7,7,7,7,7
179,45,1,1,5,4,6,5,5,6,6,4,6,5,6,6,6,6,6,6,6,1,1,6,6,6,6,6,6,6,6,6,6,6,6,6,6,6,6,6,6,6,6,6,6,6,6,6,6,6,6
180,37,2,1,5,5,6,6,5,5,4,4,6,6,6,7,7,4,6,6,4,2,2,6,6,7,7,7,7,7,7,7,7,7,7,5,7,7,7,7,7,7,7,7,7,7,6,7,7,7,7
181,29,2,1,5,5,7,7,7,7,7,5,7,7,7,7,7,7,7,7,7,1,1,7,7,7,7,7,7,7,7,7,7,7,7,7,7,7,7,7,7,7,7,7,7,7,7,7,7,7,7
182,26,2,1,5,2,6,4,5,6,5,5,5,6,5,6,5,6,6,6,4,6,6,5,4,6,6,5,6,5,6,6,5,6,5,6,6,6,5,7,7,6,7,7,6,7,6,6,7,7,6
183,32,1,1,5,5,5,5,5,6,6,4,6,6,7,7,7,7,7,7,7,2,5,7,7,7,7,7,7,7,7,6,7,7,7,5,6,7,7,7,7,7,6,7,7,7,7,7,7,6,7
184,32,2,1,5,5,6,6,5,5,5,6,7,6,6,7,7,5,6,7,5,2,2,6,6,7,7,7,7,7,7,7,7,6,7,6,6,4,7,7,7,6,5,7,6,7,6,6,7,7,7
185,34,2,3,5,2,6,2,2,5,6,7,4,4,3,4,5,7,2,3,1,7,2,1,1,7,7,7,7,7,7,7,7,7,7,7,7,6,6,7,7,7,7,7,7,7,7,7,6,6,7
186,26,2,1,5,5,6,6,6,6,6,6,7,6,7,7,7,7,7,7,7,1,1,7,7,7,7,7,7,7,7,7,7,7,7,7,7,7,7,7,7,7,7,7,7,7,7,7,7,7,7
187,36,1,1,5,5,6,6,7,7,6,6,7,7,7,7,7,6,7,7,7,1,1,7,7,7,7,7,7,7,7,7,7,7,7,6,7,6,7,7,7,7,7,7,7,7,6,6,7,7,7
188,36,2,1,5,2,3,5,2,5,3,3,5,5,6,6,6,6,6,6,4,4,4,5,5,7,5,5,5,5,5,4,5,6,6,4,5,4,5,7,6,7,5,6,6,6,5,5,5,5,7
189,30,2,1,5,2,6,5,5,6,6,4,6,6,5,7,7,5,6,7,5,2,2,6,5,6,6,5,6,6,6,5,5,7,7,6,5,5,6,5,5,5,6,6,6,6,7,5,6,6,7
190,25,1,1,5,2,6,6,7,6,6,6,7,6,6,7,7,7,7,7,7,1,1,5,6,7,6,7,7,7,7,6,7,6,6,6,7,7,7,7,7,7,6,7,7,7,7,7,7,7,7
191,23,2,1,5,2,5,6,6,4,3,5,6,3,5,6,7,6,5,6,6,3,3,5,6,5,6,5,7,5,6,5,5,6,5,6,6,4,6,5,5,6,4,6,5,5,5,6,6,5,6
192,33,1,1,5,2,6,2,3,5,5,3,6,5,4,4,5,5,5,6,4,5,3,4,4,5,5,5,5,5,5,6,6,6,6,6,6,5,5,6,6,6,5,6,6,6,4,5,6,6,7
193,31,2,3,6,1,3,5,5,4,3,5,5,3,4,5,5,3,5,5,3,5,5,4,4,4,3,3,5,3,4,4,3,4,4,3,4,4,4,3,4,4,4,5,5,3,2,2,4,3,6
194,27,1,1,6,5,2,6,5,6,6,4,7,4,7,7,7,7,7,7,7,1,1,7,7,7,7,7,7,7,7,7,7,7,7,7,7,7,7,7,7,7,7,7,7,7,7,7,7,7,7
195,29,1,1,6,5,6,7,6,2,7,6,6,6,7,7,5,6,6,7,6,4,4,6,7,6,7,6,7,5,5,7,7,6,5,6,7,7,6,6,7,7,7,7,7,7,6,7,7,7,7
196,32,1,1,6,5,3,5,5,5,5,3,6,6,4,5,5,5,5,6,5,3,3,5,5,5,5,6,5,5,5,5,6,6,6,6,5,4,5,6,5,5,4,5,5,5,5,5,5,5,6
197,25,2,3,6,2,6,5,5,3,5,5,5,4,6,7,6,6,6,6,6,3,3,3,5,6,6,6,6,6,6,6,7,6,6,5,6,6,7,7,6,6,6,6,6,6,4,6,6,6,7
198,27,2,1,6,2,6,5,6,7,6,6,5,6,6,7,6,5,7,7,5,3,4,3,4,7,7,6,7,6,7,7,7,7,7,7,7,6,7,7,7,7,6,7,7,6,7,7,7,6,7
199,53,2,1,6,5,6,6,6,6,6,6,6,6,6,6,6,6,6,6,6,2,2,6,6,6,6,6,7,7,6,6,5,5,6,6,6,6,6,6,6,6,6,6,6,6,6,6,6,7,7
200,25,2,1,6,5,2,6,5,3,5,3,4,3,4,6,6,3,3,6,4,3,4,4,5,5,5,5,5,4,2,2,2,2,2,2,2,2,3,2,2,2,3,3,3,3,5,3,3,2,4
201,26,2,1,7,5,6,7,7,5,7,5,4,4,7,5,7,5,7,7,4,1,5,5,7,7,7,7,7,7,7,5,7,7,7,7,7,3,7,5,7,7,3,7,7,7,4,4,7,3,7
202,28,1,1,7,5,6,5,5,6,5,3,5,6,6,7,5,6,6,7,7,2,2,6,3,5,7,5,7,6,6,7,7,5,6,6,7,6,6,7,7,5,5,7,6,7,7,6,7,6,7
203,49,2,1,7,5,7,7,7,7,7,7,7,7,7,7,7,7,7,7,7,1,1,7,7,7,7,7,7,7,7,7,7,7,7,7,7,7,7,7,7,7,4,7,7,7,7,7,7,7,7
204,33,2,1,7,5,5,3,5,5,6,2,6,4,7,7,7,7,6,6,6,2,2,6,4,7,6,7,7,7,7,7,7,7,7,6,6,7,7,7,7,7,7,7,7,6,6,6,7,7,7
205,27,2,3,8,5,6,5,6,6,6,2,2,6,3,5,7,2,2,7,3,7,7,4,4,7,6,7,7,7,7,7,7,7,7,7,6,5,7,7,6,6,7,7,7,7,7,7,7,7,7
206,25,2,1,8,5,6,5,6,6,7,5,6,6,7,7,7,5,7,7,5,3,4,5,4,7,7,7,7,7,7,7,7,7,7,7,7,7,7,7,7,7,7,7,7,7,7,7,7,7,7
207,36,2,1,8,5,6,7,6,7,6,2,6,6,5,7,7,7,7,6,5,1,1,6,5,7,7,7,7,7,7,7,7,7,7,7,7,7,7,7,7,7,6,7,7,7,7,7,7,7,7
208,28,2,1,8,5,5,1,3,3,3,5,2,2,1,1,4,1,7,6,1,1,4,1,1,5,2,1,4,4,1,1,1,1,1,1,1,1,1,1,1,1,1,3,1,1,1,1,1,1,1
209,29,1,1,8,5,6,6,5,6,6,5,6,5,5,5,5,5,5,5,5,2,2,5,5,5,5,5,5,5,5,5,5,5,5,5,5,5,5,5,5,5,7,7,7,7,7,7,7,7,7
210,24,2,3,8,5,7,7,7,7,7,7,7,7,7,7,7,7,7,7,7,7,7,7,7,7,7,7,7,7,7,7,7,7,7,7,7,7,7,7,7,7,7,7,7,7,7,7,7,7,7
211,33,2,1,9,4,7,6,6,6,6,4,4,4,4,6,7,4,4,7,4,5,1,4,5,7,5,6,7,7,7,7,7,6,6,6,6,6,7,7,6,6,6,6,6,7,5,6,7,7,7
212,29,2,1,9,5,5,7,6,5,5,7,3,5,7,7,7,5,6,7,7,1,1,5,7,7,6,6,7,7,6,6,6,6,6,7,6,5,6,6,7,6,6,7,7,7,7,6,7,7,7
213,26,1,1,9,5,7,7,7,7,7,6,7,7,7,7,7,7,7,7,7,1,1,7,7,7,7,7,7,7,7,7,7,7,7,7,7,7,7,7,7,7,7,7,7,7,7,7,7,7,7
214,55,1,1,9,2,6,7,6,6,6,6,7,7,6,7,7,7,7,7,7,1,1,6,6,7,6,7,7,6,6,6,7,7,7,6,6,6,6,7,7,7,6,6,6,7,6,6,7,7,7
215,38,1,1,9,2,6,3,4,6,6,2,5,6,5,6,7,4,5,7,5,3,4,5,5,6,5,7,6,7,6,7,7,6,7,6,7,7,7,7,7,5,4,6,6,6,5,5,6,4,7
216,27,2,3,9,6,6,7,7,7,7,4,6,6,6,7,7,6,7,7,7,1,2,6,7,7,5,6,7,7,7,4,7,5,7,7,7,7,7,7,7,5,7,7,6,6,7,6,6,7,7
217,33,2,1,9,5,6,7,5,7,6,5,6,6,5,5,5,5,5,5,5,3,3,4,4,6,6,6,6,6,6,6,7,6,6,6,6,6,6,6,6,6,3,5,5,6,6,5,5,5,7
218,34,1,1,10,5,6,6,6,6,6,7,6,5,6,6,5,5,6,7,6,2,2,4,4,7,6,7,7,7,7,6,5,5,7,6,5,5,6,7,6,6,6,7,7,7,7,7,7,7,7
219,29,2,1,10,5,6,6,4,5,6,3,4,6,5,6,7,5,5,6,4,3,2,3,5,6,6,6,7,6,6,5,6,6,7,6,4,3,5,6,5,6,6,7,7,6,5,5,7,5,7
220,30,1,1,10,5,6,5,4,6,6,4,6,6,7,7,7,5,7,7,7,3,6,4,7,6,6,6,6,6,6,6,6,6,6,6,6,6,6,6,6,6,6,6,6,6,4,6,6,6,6
221,31,2,1,10,5,5,6,3,5,6,4,5,5,7,7,7,7,7,7,7,2,2,7,7,7,7,7,7,5,7,5,4,4,6,5,4,6,4,6,5,5,6,6,6,6,6,6,7,5,7
222,28,2,1,10,5,7,7,7,7,7,7,7,6,7,7,7,7,7,7,7,1,1,7,7,7,7,7,7,7,7,7,7,7,7,7,7,7,7,7,7,7,7,7,7,7,7,7,7,7,7
223,42,2,1,10,4,6,5,5,7,3,4,5,2,4,4,6,5,5,7,5,2,3,3,4,7,6,7,7,6,7,7,7,7,7,6,7,7,7,7,6,7,5,7,7,7,6,6,6,6,7
224,31,2,1,11,5,5,3,6,5,7,4,5,5,7,6,7,5,7,7,7,2,1,5,6,6,7,7,7,7,6,7,7,7,7,5,6,5,7,7,6,6,6,7,6,6,5,6,7,6,7
225,38,2,1,11,5,6,6,5,6,5,4,6,5,4,4,7,4,5,6,4,6,6,2,2,6,6,6,6,6,6,5,6,5,7,6,5,6,6,6,6,6,5,6,6,7,4,7,7,5,4
226,35,2,1,11,5,7,7,7,7,7,7,7,7,7,7,7,7,7,7,7,1,1,7,7,7,7,7,7,7,7,7,7,7,7,7,7,7,7,7,7,7,7,7,7,7,7,7,7,7,7
227,38,2,1,11,5,5,3,5,6,5,1,7,6,7,7,7,7,7,7,7,7,1,7,7,6,7,7,7,7,7,7,7,6,6,6,6,6,6,7,7,7,7,7,7,7,7,7,7,7,7
228,36,1,1,12,5,6,5,6,6,6,5,7,5,7,7,6,5,6,7,6,2,2,6,6,5,4,3,5,5,4,3,3,3,5,5,5,5,5,5,5,5,5,6,6,6,6,5,5,5,7
229,30,2,1,12,5,6,6,7,6,6,4,7,6,6,6,7,7,6,7,6,5,3,5,5,7,5,6,7,5,5,6,6,6,6,6,6,6,6,6,6,6,6,7,7,6,6,5,6,6,7
230,34,2,3,12,2,7,6,5,5,6,5,6,4,6,7,7,7,6,7,4,1,1,5,6,7,7,7,7,7,7,7,7,7,7,7,7,7,7,7,7,7,6,6,7,6,7,7,7,7,7
231,41,1,1,13,5,7,6,6,6,7,6,7,6,7,7,7,7,7,7,7,1,1,7,5,7,7,7,7,7,7,7,7,7,7,7,6,6,6,6,6,7,6,7,7,7,7,7,7,6,7
232,66,1,1,13,5,3,6,5,5,3,5,5,5,4,5,7,4,5,7,6,2,2,4,4,5,4,5,6,6,6,5,5,7,6,5,5,5,5,7,6,6,6,7,7,6,5,5,7,6,7
233,30,2,1,13,5,6,6,6,6,6,6,6,6,7,7,7,6,7,7,7,2,2,7,7,7,7,7,7,7,7,6,7,6,7,7,7,7,7,7,7,7,5,6,6,7,7,7,7,7,7
234,35,2,1,14,5,4,5,3,3,3,2,6,2,7,6,6,3,4,3,5,2,2,3,4,6,4,6,7,6,5,5,5,4,5,5,5,2,4,6,6,4,4,6,5,5,5,4,5,3,7
235,NA,2,1,14,5,2,3,3,2,2,3,2,2,2,5,3,3,5,3,5,3,3,2,7,2,2,1,3,1,2,1,1,1,1,1,1,1,1,2,2,2,1,1,1,1,1,1,1,1,2
236,35,2,1,14,5,5,6,6,6,6,4,3,3,7,7,7,7,7,6,7,7,1,5,7,7,7,6,6,7,7,6,7,7,6,7,7,6,7,7,6,7,7,7,7,7,7,7,7,7,7
237,39,2,1,15,5,5,3,3,5,5,5,6,5,6,6,6,6,6,6,6,2,2,6,6,6,6,6,6,6,6,6,6,6,6,6,6,6,6,7,7,7,6,6,6,7,7,7,7,7,7
238,45,2,1,15,5,3,5,3,5,2,5,5,4,4,5,6,4,5,6,4,5,3,6,4,6,5,6,6,6,5,4,6,5,5,4,5,5,5,5,4,4,4,5,5,6,4,5,6,5,6
239,39,1,1,15,5,7,7,7,7,7,7,7,7,7,7,7,7,7,7,7,1,1,4,7,7,7,7,7,7,7,7,7,7,7,7,7,7,7,7,7,7,7,7,7,7,7,7,7,7,7
240,39,2,1,16,5,6,6,5,6,5,6,4,5,4,4,5,4,5,6,4,5,5,3,2,7,6,7,5,7,6,5,7,5,7,7,7,5,6,7,7,4,6,6,5,6,6,6,5,5,6
241,33,1,1,16,5,7,7,7,4,7,3,7,7,7,7,7,7,5,7,7,1,1,7,7,7,7,7,7,7,7,7,7,7,7,7,7,7,7,7,7,7,7,7,7,7,7,7,7,7,7
242,49,2,1,17,5,6,6,6,6,7,7,7,6,7,7,7,7,7,7,5,1,1,7,6,7,7,7,7,7,7,7,7,7,7,7,7,7,7,7,7,7,7,7,7,7,7,7,7,7,7
243,42,2,1,18,5,7,7,5,7,7,6,7,7,7,7,7,7,7,7,7,1,1,7,7,7,7,7,7,7,7,6,6,6,7,6,7,6,7,7,7,7,6,6,6,7,5,7,7,7,7
244,39,2,1,18,5,5,6,4,5,5,5,4,4,5,6,7,3,5,7,5,4,4,2,2,7,7,7,7,7,7,7,7,7,7,6,7,5,7,7,7,7,7,7,7,6,5,5,6,7,7
245,37,2,1,18,5,5,5,5,5,5,4,6,6,7,7,7,7,7,7,7,1,1,6,6,7,7,7,7,7,7,7,7,7,7,6,7,7,7,7,7,7,7,7,7,7,7,7,7,7,7
246,42,2,1,20,5,6,6,6,6,6,5,5,6,5,6,6,5,5,6,5,2,2,4,4,6,5,6,6,6,6,6,6,6,6,6,5,6,6,5,5,5,5,6,6,6,5,6,6,6,7
247,54,2,1,20,5,2,2,2,2,2,3,3,3,4,2,2,2,2,2,2,2,2,2,2,2,2,2,2,2,2,2,2,2,2,1,2,2,2,1,1,1,3,4,4,3,2,3,3,3,5
248,40,2,1,22,5,5,6,6,6,6,6,7,5,5,6,7,4,5,7,5,3,4,3,4,5,5,7,5,7,5,6,7,7,7,5,5,5,5,7,6,7,7,7,7,6,6,6,6,5,7
249,62,2,1,22,5,6,6,6,7,6,6,7,7,6,7,7,6,7,7,6,2,2,6,6,7,7,7,7,7,7,7,7,7,7,7,7,7,7,7,7,7,6,7,7,7,6,6,7,6,7
250,46,2,1,23,5,6,7,3,5,6,1,5,1,6,6,7,6,7,7,6,1,1,5,1,7,7,7,7,7,7,7,7,7,7,6,7,7,7,7,7,7,6,7,7,7,6,6,7,7,7
251,43,1,1,24,5,6,5,6,6,7,6,6,7,6,6,5,5,6,7,4,3,2,4,3,6,6,7,7,7,7,6,6,6,7,6,5,4,7,7,6,4,5,6,6,6,6,6,6,5,7
252,52,2,1,25,5,6,6,5,5,6,4,6,6,6,6,6,6,6,6,5,5,5,5,6,6,6,6,6,6,6,6,6,6,6,6,6,6,6,6,6,6,6,6,6,6,6,6,6,6,6
253,54,1,1,27,5,6,6,4,6,6,6,7,6,6,6,7,6,6,6,7,1,1,5,6,7,7,7,7,7,7,7,7,7,7,7,7,7,7,7,7,7,7,7,7,7,6,6,7,7,7
254,61,2,1,27,1,5,5,3,6,5,5,5,5,5,5,7,5,5,7,5,1,1,2,6,7,6,7,7,7,7,6,7,7,7,6,7,7,7,7,7,7,5,7,6,7,6,6,6,5,7
255,49,2,1,28,5,5,5,6,5,5,5,5,5,5,5,6,4,5,6,5,4,3,3,4,5,5,5,5,5,5,4,5,4,5,4,4,4,4,4,4,4,4,4,4,5,5,4,4,4,6
256,59,1,1,29,5,6,6,5,6,6,5,6,6,6,6,6,6,6,7,6,3,3,6,6,5,4,5,6,5,6,6,6,5,4,5,5,5,6,5,5,5,6,6,6,6,6,5,6,6,7
257,68,2,1,30,5,7,7,7,6,6,6,7,6,5,7,7,6,7,7,6,6,6,5,6,6,7,7,6,7,7,7,7,7,7,6,7,7,7,7,7,7,5,7,7,6,7,6,7,6,7
258,61,2,1,30,5,5,7,6,6,6,6,6,2,7,5,7,4,6,7,6,3,4,2,5,7,6,6,7,6,5,5,7,5,7,4,6,6,7,7,7,6,6,7,7,7,5,5,6,6,7
259,59,2,1,30,5,6,7,7,6,7,5,7,6,6,6,7,5,6,6,6,2,2,6,6,6,6,6,7,7,6,6,6,7,7,7,7,7,7,6,6,7,6,7,7,6,7,6,6,5,7
260,52,2,1,30,6,6,7,7,7,5,6,7,7,7,7,7,3,7,7,6,1,1,3,5,6,6,5,6,6,5,5,6,5,7,6,5,5,6,5,5,5,7,7,7,7,7,6,6,7,7
261,54,2,1,30,5,5,7,7,7,7,6,6,5,7,7,7,7,7,7,6,1,2,5,6,7,7,7,7,7,7,6,7,7,7,7,7,6,7,7,7,7,6,7,7,7,6,6,7,7,7
262,51,2,1,30,5,5,4,3,5,5,4,4,4,5,5,6,5,5,4,5,2,2,4,6,7,6,5,6,5,5,5,6,6,5,6,5,5,5,5,5,5,6,6,6,6,4,5,5,5,7
263,60,1,1,30,5,7,6,6,6,6,7,6,6,7,7,7,7,7,7,7,1,1,7,7,7,7,6,7,7,6,7,6,6,7,7,7,6,7,7,7,7,7,7,7,7,7,7,7,7,7
264,48,2,1,30,5,4,1,5,4,4,2,4,4,2,2,2,2,2,5,1,2,5,2,4,5,5,4,5,4,4,4,4,4,4,4,4,4,4,4,4,3,3,3,3,3,2,2,3,2,4
265,65,1,1,30,5,6,7,6,6,7,6,7,6,7,7,7,6,5,7,7,1,1,6,6,7,6,7,7,7,7,6,7,6,6,7,6,6,7,7,6,7,4,7,7,7,7,6,7,5,7
266,55,2,1,30,5,6,5,6,6,6,4,6,4,6,6,6,6,5,7,5,5,3,4,4,7,7,7,7,7,7,7,7,7,7,7,7,7,7,7,7,7,6,7,7,7,7,6,7,7,7
267,73,1,1,30,5,7,7,7,5,7,6,6,5,6,6,7,6,6,7,6,3,2,7,7,6,6,4,7,6,7,7,7,7,7,7,7,6,7,7,7,7,6,7,7,7,6,7,7,7,7
268,53,2,1,30,5,6,5,5,5,7,5,4,6,4,5,5,2,6,7,2,7,7,3,2,6,4,5,6,5,3,2,5,3,3,5,3,3,3,4,3,3,2,5,6,6,5,5,6,4,6
269,30,1,1,6,2,6,2,2,5,5,2,5,5,7,7,7,7,6,7,7,1,1,6,7,5,5,5,6,5,5,5,5,6,6,6,4,5,6,5,5,6,6,6,7,6,5,5,7,6,7
270,48,2,1,12,5,6,5,5,6,6,5,5,5,5,6,6,4,5,5,4,4,5,2,5,6,6,7,7,7,6,7,7,6,7,6,6,6,7,7,6,7,6,7,7,7,6,6,7,7,7
271,39,1,1,20,5,6,7,7,7,6,6,7,7,7,7,7,7,7,7,7,1,1,7,6,7,7,7,7,7,7,7,7,7,7,7,7,7,7,7,7,7,7,7,7,7,7,7,7,7,7
272,26,2,1,8,5,6,5,5,5,5,5,5,6,5,6,5,5,6,6,5,5,6,5,6,6,6,6,7,6,6,4,5,4,6,5,5,6,5,5,3,4,5,6,5,6,6,6,6,6,7
273,34,1,1,3,5,7,7,7,7,7,7,7,7,7,7,7,7,7,7,7,1,1,7,7,5,7,7,7,7,7,7,7,7,7,7,7,7,7,7,7,7,7,7,7,7,7,7,7,7,7
274,46,2,1,19,5,6,6,6,6,6,4,6,6,6,6,6,6,6,6,6,2,2,6,5,6,6,6,6,6,6,6,6,6,6,6,6,6,6,7,7,7,7,7,7,7,7,7,7,7,7
275,34,2,1,6,5,4,5,5,5,6,5,5,5,6,5,5,5,6,6,5,3,3,5,6,4,4,5,5,5,5,5,5,5,6,5,5,5,5,6,6,6,5,5,5,6,5,5,5,5,6
276,40,1,1,19,5,6,7,6,6,6,6,6,6,7,7,7,7,6,7,7,1,1,6,6,7,7,7,7,7,7,7,7,7,7,7,7,7,7,7,7,7,7,7,7,7,7,7,7,7,7
277,33,2,1,11,5,6,4,5,5,6,6,5,6,6,6,7,6,6,7,5,2,2,5,5,6,6,5,6,6,6,5,6,5,6,5,5,5,5,5,4,5,5,6,6,6,5,5,6,5,6
278,65,2,1,23,5,4,5,5,5,5,4,6,5,4,7,6,6,5,7,7,1,1,6,6,7,7,7,7,7,7,7,7,7,7,6,6,7,7,7,7,7,7,7,7,7,7,6,7,7,7
279,32,1,1,11,5,5,3,5,6,7,5,5,3,7,7,6,6,6,7,6,2,2,4,6,7,7,7,7,7,7,7,7,7,7,6,6,6,7,6,7,6,7,7,7,7,6,6,6,6,7
280,54,2,1,2,2,6,5,5,6,5,4,6,6,6,6,7,6,7,7,6,2,3,5,6,6,7,7,7,6,6,6,6,7,7,6,6,6,6,6,7,7,7,7,7,5,6,6,7,7,7
281,29,2,1,5,5,6,5,5,6,5,5,6,4,7,7,7,7,7,7,7,1,1,6,7,6,6,6,6,6,6,6,6,6,6,6,7,6,7,7,7,7,7,7,7,7,6,6,7,7,7
282,34,2,1,10,5,4,5,5,4,5,4,3,5,4,6,6,4,6,5,5,1,3,4,5,6,6,6,6,7,5,7,7,7,6,5,7,7,7,7,6,7,3,5,5,5,4,5,6,5,7
283,33,2,1,17,5,2,5,1,5,1,3,3,3,3,3,5,2,6,6,3,2,3,3,5,5,3,5,6,3,3,2,5,3,5,3,3,3,5,4,4,3,2,2,3,3,2,3,3,3,4
284,30,1,1,5,5,5,5,5,6,6,6,6,6,6,6,6,6,6,7,6,6,1,5,5,6,6,4,6,6,6,6,3,6,6,6,2,6,6,7,6,6,2,6,6,6,6,3,5,2,7
285,37,2,1,9,5,6,7,6,6,7,5,7,7,7,7,7,7,7,7,7,1,1,7,7,7,7,7,7,7,7,7,7,7,7,7,7,7,7,7,6,7,7,7,7,6,5,5,7,7,7
286,32,1,1,3,5,6,5,5,5,6,6,6,6,6,6,6,6,6,7,5,1,2,6,5,5,6,7,6,6,6,6,6,7,5,6,6,6,6,7,7,7,6,6,7,6,7,5,6,7,7
287,32,2,1,6,5,7,7,7,7,7,7,7,7,7,7,7,7,7,7,7,1,1,7,7,7,7,7,7,7,7,7,7,7,7,7,7,7,7,7,7,7,7,7,7,7,7,7,7,7,7
288,67,2,1,20,6,7,7,7,7,7,7,7,7,7,7,7,7,7,7,7,7,2,7,7,7,7,7,7,7,7,7,7,7,7,7,7,7,7,7,7,7,7,7,7,7,7,7,7,7,7
289,28,2,1,3,4,6,7,5,6,6,6,6,5,6,6,7,4,6,3,5,2,3,5,6,5,5,6,6,3,5,2,4,2,3,5,3,6,2,4,4,2,5,6,6,5,5,5,5,4,7
290,34,2,1,11,5,2,3,2,3,3,6,3,3,2,3,4,3,2,2,3,6,6,3,5,6,5,5,3,5,3,3,5,5,5,2,4,4,5,5,3,4,3,4,3,3,4,2,2,2,3
291,32,2,1,10,5,3,7,6,5,3,5,2,6,4,4,6,3,4,7,4,5,2,4,4,6,6,6,5,6,4,4,6,5,5,4,6,5,6,6,6,5,6,6,6,5,5,5,5,4,6
292,27,2,1,2,4,2,3,2,2,2,2,2,2,1,2,2,2,2,2,2,6,6,4,2,2,2,4,2,1,1,1,2,2,1,1,1,1,3,1,1,1,2,2,2,3,1,1,2,2,4
293,56,2,3,9,5,6,4,6,7,5,6,4,1,1,5,7,2,6,7,2,7,7,5,4,7,7,7,7,7,7,7,7,7,7,6,7,7,7,7,7,7,5,7,7,7,7,7,7,4,7
294,58,2,1,30,5,6,7,7,6,6,6,6,6,7,6,7,7,7,7,7,1,1,6,5,6,6,7,7,7,7,7,6,7,7,7,7,7,7,7,7,7,6,7,7,7,7,6,7,7,7
295,66,2,1,30,5,5,6,6,4,4,5,7,7,7,7,7,7,7,7,7,1,1,7,4,7,7,5,7,7,7,7,7,5,6,5,6,7,7,7,7,3,7,7,7,7,7,7,7,7,7
296,42,2,1,27,5,2,7,7,5,3,7,3,4,4,4,7,1,4,7,3,6,4,1,4,5,1,3,3,5,1,1,4,2,4,1,1,5,4,3,3,1,1,6,4,2,6,1,3,1,7
297,35,2,1,11,5,6,5,6,6,7,7,7,7,7,7,7,6,7,7,6,2,2,6,6,7,7,7,7,6,6,6,7,6,6,6,7,7,7,7,7,7,6,7,7,6,6,6,6,7,7
298,33,2,1,10,5,7,7,7,7,7,7,7,7,7,7,7,7,6,7,7,3,3,6,6,7,6,7,7,7,7,7,7,6,7,7,6,6,7,7,7,7,7,7,7,7,7,7,7,7,7
299,34,2,1,12,5,5,5,5,5,5,4,6,5,6,7,7,5,6,7,6,7,7,7,7,7,3,3,7,4,3,4,5,3,3,4,3,6,7,4,3,4,2,7,5,3,1,1,4,3,7
300,27,2,1,5,5,6,6,5,6,7,4,6,4,6,5,7,5,6,7,6,2,2,4,6,6,5,6,7,6,6,6,6,6,7,5,6,6,7,6,5,6,5,7,6,6,4,5,6,6,7
301,30,1,1,1,2,5,5,5,7,6,5,6,6,7,7,7,7,7,7,7,4,2,7,7,7,7,7,7,7,7,7,7,7,7,7,7,7,7,7,7,7,7,7,7,7,4,7,7,7,7
302,35,1,1,4,5,6,6,6,6,5,5,6,5,7,7,6,7,7,7,7,2,1,7,4,7,7,7,7,6,7,7,5,6,7,6,7,7,7,7,7,7,7,7,7,7,7,6,7,7,7
303,35,1,1,4,2,6,6,6,6,6,6,6,6,6,6,6,6,6,6,6,2,3,6,6,5,6,6,6,6,6,5,6,6,6,6,6,6,6,6,6,6,7,7,7,5,5,3,5,6,6
304,61,2,1,30,5,3,5,4,3,3,2,3,3,3,5,4,2,4,5,5,3,4,1,4,6,4,3,5,3,4,3,4,4,6,3,3,4,5,2,3,5,3,4,4,3,2,1,3,1,4
305,32,1,1,5,5,7,7,7,6,7,7,7,6,7,7,7,7,7,7,6,2,1,7,7,7,7,4,6,7,7,7,6,7,7,6,6,2,7,7,7,7,7,7,7,7,7,7,7,7,7
306,23,2,3,4,5,6,6,4,6,6,3,5,5,2,4,7,5,5,7,5,3,2,4,6,7,7,7,7,7,7,7,7,5,6,5,6,4,5,7,7,7,6,6,7,7,5,7,7,7,7
307,31,1,1,9,5,6,6,5,6,6,5,6,6,6,6,6,6,6,6,6,1,2,6,6,6,6,6,6,6,6,6,6,6,6,6,6,6,6,6,6,6,7,7,7,6,6,6,6,6,6
308,32,1,1,5,5,7,5,4,7,4,4,7,5,6,6,7,6,7,7,7,1,1,6,6,6,6,5,6,6,6,5,6,6,6,6,6,6,6,7,7,7,6,6,6,7,6,6,7,7,7
309,29,2,NA,10,5,7,7,7,5,7,5,6,6,5,7,7,7,6,7,6,2,2,6,7,5,4,7,7,7,6,4,6,4,6,7,7,6,7,7,5,4,7,7,6,6,7,4,6,7,7
310,26,2,1,6,5,5,4,5,6,5,3,5,5,4,5,6,6,5,6,5,2,2,4,5,5,4,4,5,3,3,3,3,3,4,3,3,3,4,3,3,3,3,4,4,3,4,3,3,3,7
311,35,2,1,4,1,5,5,4,5,5,2,3,3,4,5,6,2,3,5,2,7,7,1,4,6,6,6,6,6,6,6,6,6,6,6,6,6,6,7,7,7,5,5,5,6,6,6,6,6,6
312,58,2,1,13,5,6,7,6,6,4,7,7,6,3,3,7,5,7,7,2,2,4,2,5,7,5,7,5,7,6,6,6,6,7,5,5,6,6,7,6,6,2,7,7,5,7,6,6,2,7
313,45,2,1,25,5,6,7,6,6,6,3,4,4,5,6,5,5,5,5,5,2,2,2,4,5,5,6,6,6,6,5,6,5,7,6,6,6,6,6,6,6,6,6,6,6,6,5,6,6,7
314,36,2,1,14,5,6,6,6,6,6,6,6,4,6,6,7,6,6,7,6,2,2,4,4,7,7,7,7,7,7,7,7,7,7,7,7,7,7,7,7,7,7,7,7,7,4,6,7,7,7
315,42,2,1,25,5,6,7,7,7,7,7,7,7,7,7,7,7,7,7,7,1,1,7,7,7,7,7,7,7,7,5,7,7,7,7,7,7,7,7,7,7,6,7,7,7,5,7,7,7,7
316,51,1,1,9,1,7,4,3,6,6,6,4,7,7,5,6,6,5,7,6,2,4,1,6,7,7,7,7,7,7,7,7,7,7,7,6,6,7,7,7,7,6,7,7,6,7,6,6,6,7
317,52,1,1,29,5,7,7,7,7,7,7,7,7,7,7,7,7,7,7,7,7,1,7,7,7,7,7,7,7,7,7,7,7,7,7,7,7,7,7,7,7,7,7,7,7,7,7,7,7,7
318,30,2,1,5,5,7,7,6,7,7,5,6,6,5,7,7,6,6,6,6,1,1,5,6,7,6,6,7,7,7,6,6,6,7,6,6,6,6,6,6,6,6,7,7,7,7,6,6,6,7
319,30,1,1,7,5,5,5,6,6,6,5,7,5,7,7,7,6,7,7,6,2,1,6,6,7,7,5,6,5,6,6,6,7,6,6,5,7,6,5,3,5,4,5,5,6,6,5,6,4,7
320,47,1,1,11,5,3,3,3,4,4,4,5,3,5,5,5,5,5,6,5,3,3,5,5,5,4,5,6,5,5,5,5,5,5,5,5,5,5,5,5,5,6,6,6,6,5,6,6,6,7
321,43,2,1,23,5,5,5,6,6,4,4,5,6,5,7,7,7,4,5,5,3,4,5,6,4,5,5,7,6,6,7,5,5,5,6,7,7,7,7,7,7,6,7,7,6,7,5,6,7,7
322,34,2,1,3,1,7,7,7,7,7,7,5,7,6,7,7,5,6,6,6,3,4,3,5,6,7,7,7,7,7,7,7,6,7,6,7,6,7,7,7,7,7,7,7,7,6,7,7,7,7
323,33,2,1,12,5,5,6,5,6,6,3,4,6,6,6,6,5,6,7,6,1,1,3,3,6,5,6,7,7,7,7,7,7,7,6,6,6,6,7,6,7,7,7,7,7,6,6,7,6,7
324,32,2,1,6,1,6,6,5,5,4,4,5,5,5,6,5,6,6,5,4,2,2,5,6,6,7,5,6,6,5,6,6,5,4,5,6,5,7,6,5,5,6,7,6,6,6,6,6,5,7
325,75,1,1,10,5,6,6,6,6,6,5,5,6,5,5,6,4,6,7,6,3,3,6,7,5,6,5,5,6,6,5,7,6,6,5,5,4,5,6,7,6,4,5,5,7,7,6,7,5,7
326,28,2,1,9,5,7,7,6,7,7,3,7,7,7,7,7,7,6,7,7,1,1,6,6,7,7,7,7,7,7,7,7,7,7,7,7,7,7,7,7,7,7,7,7,7,5,7,7,7,7
327,26,2,1,6,5,6,5,7,6,7,6,7,6,6,6,7,6,5,6,6,2,3,5,5,7,6,6,6,7,6,7,7,7,7,7,7,7,7,7,7,7,6,6,6,6,7,6,6,5,7
328,29,1,1,4,2,7,6,7,7,7,7,7,7,7,7,7,7,7,5,7,4,1,5,5,7,7,7,7,7,7,7,7,7,7,7,7,7,7,7,7,7,7,7,7,7,7,5,7,6,7
329,27,1,1,5,5,6,5,5,4,6,3,4,4,6,7,6,4,5,6,4,2,3,2,5,7,6,7,7,7,6,5,6,5,7,4,5,6,6,7,6,5,7,7,6,7,5,6,7,7,7
330,39,2,1,11,5,7,5,5,6,5,2,4,6,6,6,6,4,5,6,5,3,3,4,4,6,6,6,6,6,6,5,6,5,6,5,6,6,6,6,6,6,6,6,6,7,4,7,7,7,7
331,49,1,1,20,5,5,5,5,6,6,5,5,5,6,5,5,5,5,5,6,2,2,4,4,5,5,3,5,4,4,5,5,5,5,5,5,5,5,6,5,6,5,5,5,5,5,4,4,6,5
332,28,1,1,2,2,5,5,5,5,5,5,5,5,5,6,5,4,5,4,4,5,4,4,4,5,4,5,6,5,6,6,6,6,6,5,6,6,6,6,6,6,7,7,7,7,7,7,7,7,7
333,45,2,1,14,5,6,5,6,5,6,5,5,5,5,5,5,4,4,4,5,5,5,4,4,7,6,4,5,4,4,3,4,3,3,4,3,4,4,4,4,4,3,4,4,4,5,4,4,5,6
334,42,2,1,8,5,5,6,4,6,5,5,6,5,5,5,7,5,5,7,5,3,3,4,4,4,4,2,6,6,6,6,6,5,6,6,6,6,6,7,6,6,6,6,6,6,6,6,6,6,6
335,27,1,1,6,1,6,7,4,6,6,5,5,6,4,5,6,2,5,7,4,5,5,2,5,5,6,6,7,6,6,6,7,7,7,6,6,5,6,6,6,6,7,7,7,6,4,5,6,7,7
336,57,2,1,19,5,5,6,5,6,5,4,4,5,7,7,7,6,5,7,7,1,2,5,7,7,7,7,7,7,7,5,7,7,7,5,6,3,5,7,7,7,7,7,6,6,6,7,7,7,7
337,34,2,1,8,5,6,4,4,5,5,5,6,5,5,6,6,5,6,5,6,2,2,6,6,5,5,5,5,5,6,4,4,4,5,5,5,5,5,5,5,5,5,5,5,5,4,4,5,5,6
338,35,1,1,7,5,3,5,3,5,6,6,5,6,6,7,6,5,5,6,6,2,1,6,7,7,6,7,7,7,7,6,7,5,7,5,7,7,5,7,7,5,6,7,6,7,4,5,7,6,7
339,27,2,1,2,2,6,6,6,6,6,6,6,6,6,6,6,6,7,7,6,6,6,6,6,6,6,6,7,7,7,5,6,6,6,6,6,6,6,7,7,7,6,7,7,6,6,6,6,6,7
340,43,2,1,5,5,6,5,6,5,6,5,6,5,6,6,7,6,5,7,7,1,1,5,5,7,7,6,6,4,6,6,6,6,6,6,6,6,6,7,7,7,6,6,6,6,6,6,6,6,7
341,30,2,1,2,1,5,6,6,6,6,5,6,7,7,7,7,6,7,7,7,1,1,7,6,7,7,7,7,7,7,7,7,7,7,7,7,7,7,6,7,7,7,7,6,7,7,7,7,7,7
342,66,1,1,30,5,7,7,7,7,7,7,7,7,7,7,7,7,7,7,7,1,1,5,1,7,7,7,7,7,7,7,7,7,7,7,7,7,7,7,7,7,7,7,7,7,7,7,7,7,7
343,29,2,1,3,2,5,6,6,5,6,3,5,6,5,6,7,6,6,5,5,2,2,5,6,5,5,5,6,6,5,5,6,6,6,4,7,5,6,5,5,6,5,5,5,5,5,5,6,5,7
344,38,1,1,7,5,3,5,3,5,3,3,3,3,6,6,5,5,6,6,6,3,3,6,6,6,5,3,6,3,4,4,2,3,3,3,4,3,3,4,3,3,3,4,4,5,5,4,4,2,7
345,34,2,1,12,4,3,3,5,5,5,3,3,5,4,4,3,5,3,3,4,6,5,4,4,6,5,6,7,6,6,5,5,4,5,5,4,4,5,5,4,4,3,4,4,4,3,3,4,3,6
346,46,2,1,10,5,7,7,5,7,7,7,7,7,7,7,7,7,7,7,7,1,1,7,7,7,7,7,7,7,7,7,7,7,7,7,7,7,7,7,7,7,7,7,7,7,6,6,7,7,7
347,52,1,1,3,1,1,1,1,4,1,1,1,1,6,5,5,5,4,4,3,5,4,3,4,5,6,4,6,6,5,6,6,4,4,4,4,4,4,6,4,4,6,6,5,6,4,4,4,4,6
348,35,2,1,15,5,6,5,5,7,7,6,6,6,6,7,7,5,5,7,5,3,2,4,5,7,6,7,7,7,7,7,7,6,7,7,6,7,7,6,6,7,7,7,6,6,6,5,6,6,7
349,36,1,1,7,2,6,6,5,5,4,5,6,6,7,7,7,7,7,6,7,4,3,6,5,6,6,7,6,7,6,6,7,6,6,7,7,7,7,7,7,7,7,7,7,7,7,7,7,7,7
350,26,2,1,10,5,4,6,5,6,3,5,4,5,3,7,7,4,5,7,5,5,7,3,5,7,7,6,7,7,2,5,6,4,4,5,5,6,6,6,6,6,3,7,5,4,4,4,4,4,7
351,59,1,1,9,3,7,6,6,7,7,1,7,7,7,7,7,6,6,7,7,1,1,6,6,7,7,7,7,7,7,7,7,7,7,6,7,7,7,7,7,7,7,7,7,7,6,7,7,6,7
352,32,2,3,11,4,3,5,5,6,6,5,6,6,5,5,7,4,5,7,4,2,5,3,6,6,6,3,6,6,5,5,5,5,6,6,6,4,5,5,6,5,6,6,6,5,6,5,6,5,7
353,31,1,1,10,5,7,6,5,7,6,6,7,7,1,7,7,1,7,7,7,7,7,6,6,7,7,7,7,7,7,7,7,7,7,6,7,7,7,7,7,7,7,7,7,7,7,7,7,7,7
354,28,2,1,5,2,3,5,6,3,2,1,2,2,7,7,4,4,4,6,6,1,4,1,1,7,6,7,7,7,7,6,7,6,7,6,7,7,7,7,7,7,5,7,7,7,6,6,7,6,7
355,71,2,1,30,5,6,6,6,6,7,6,6,5,7,7,7,6,6,7,7,2,2,6,7,7,7,7,7,7,7,6,7,7,7,7,6,7,7,7,6,6,6,7,7,7,7,5,6,6,7
356,34,1,1,8,5,5,5,4,5,5,5,6,6,7,6,7,6,6,7,7,1,1,7,7,7,6,6,7,6,6,6,7,7,6,6,7,6,6,7,7,7,7,7,7,7,6,6,7,7,7
357,29,2,1,8,2,5,3,3,5,6,4,4,4,4,6,6,4,5,6,4,4,1,5,5,6,6,6,6,6,6,6,6,6,6,6,7,7,7,7,5,5,6,5,5,6,7,4,6,6,7
358,26,1,1,2,2,7,5,4,6,5,3,4,5,6,7,5,6,6,5,6,3,2,5,7,7,6,7,4,5,5,6,5,7,5,7,4,3,7,7,7,7,7,6,7,6,7,5,6,7,7
359,39,1,1,2,2,7,6,6,7,6,5,6,6,7,7,7,7,6,7,7,2,2,6,5,7,7,7,6,6,6,6,7,7,7,5,7,7,7,7,7,7,6,7,7,7,7,7,7,7,7
360,29,2,1,6,5,5,6,6,6,3,2,3,2,3,6,6,2,6,6,3,6,6,2,5,7,6,7,7,7,7,7,7,7,7,7,7,7,7,7,7,7,6,7,7,7,5,7,7,7,7
361,30,1,1,6,2,7,6,6,6,6,6,6,6,7,7,7,7,7,7,7,6,7,6,7,7,7,7,7,7,7,7,7,7,7,7,7,7,7,7,7,7,7,7,7,6,6,7,7,7,7
362,56,1,1,30,5,7,7,7,6,6,6,7,7,6,6,7,7,7,7,7,7,1,7,5,7,7,6,7,6,7,7,7,7,7,6,7,6,6,7,7,6,6,6,6,6,7,7,7,7,7
363,62,2,1,16,5,7,7,7,7,6,4,5,4,6,6,7,6,6,7,5,3,4,4,5,7,7,7,7,7,7,7,6,7,5,7,6,4,4,7,7,7,6,7,7,7,7,7,7,7,7
364,28,1,1,5,5,5,6,6,6,6,6,7,7,7,7,7,7,7,7,7,1,1,4,6,6,7,6,7,7,7,7,7,7,7,6,6,4,7,7,6,6,4,6,6,7,6,5,6,6,7
365,34,2,1,15,5,2,5,2,3,5,3,4,4,5,7,7,4,5,5,5,3,3,5,5,3,3,4,5,3,4,5,5,4,4,4,3,5,6,4,3,3,5,2,2,2,2,1,2,2,5
366,31,2,1,7,5,6,5,6,6,5,6,6,5,4,5,6,5,6,7,4,5,6,5,6,7,6,6,6,6,6,5,5,6,5,6,7,5,6,6,6,5,6,6,7,6,7,6,6,6,7
367,28,2,1,10,5,5,4,4,6,6,6,7,6,7,7,7,7,7,7,7,4,3,7,6,7,7,7,7,7,7,7,7,7,7,7,7,7,7,7,7,7,7,7,7,7,7,7,7,7,7
368,45,1,1,23,5,2,2,2,6,2,4,4,5,4,5,5,3,4,5,5,6,5,3,4,5,5,5,5,5,4,4,5,3,4,3,3,4,5,5,4,3,4,4,4,5,5,4,5,5,6
369,33,2,1,3,1,4,5,4,4,4,3,4,6,3,6,5,5,4,6,4,3,3,4,4,4,4,3,4,4,4,2,4,4,4,3,2,2,4,3,2,2,6,4,5,3,2,2,4,4,6
370,37,2,1,17,5,2,5,3,3,2,2,3,3,4,4,5,3,4,6,5,3,3,5,5,7,4,5,5,3,3,3,4,4,4,3,3,4,4,3,3,4,5,5,4,4,5,3,4,4,5
371,34,2,1,6,5,5,5,3,5,3,5,5,3,6,6,6,6,6,6,6,2,5,4,6,6,6,6,6,6,6,6,6,6,6,6,6,6,6,6,6,6,6,6,6,7,6,6,6,6,7
372,30,2,1,4,5,6,5,5,6,5,6,7,6,6,7,7,7,7,7,6,1,1,6,6,3,3,4,4,4,4,3,3,3,3,5,3,3,3,2,2,2,5,4,3,6,6,6,6,6,7
373,37,2,1,7,5,6,6,6,6,6,5,5,6,6,7,7,6,7,7,5,4,1,5,6,7,7,7,7,7,7,6,7,7,7,6,7,7,7,7,7,7,6,7,7,7,7,7,7,6,7
374,25,1,1,4,2,5,5,5,7,6,6,6,6,4,5,5,4,6,5,6,5,6,6,5,6,6,7,6,5,6,7,5,6,7,6,6,6,7,7,6,7,7,6,5,7,6,7,5,6,7
375,37,1,1,13,5,7,7,5,7,7,5,7,7,7,7,7,7,7,7,7,7,1,7,7,7,7,7,7,7,7,7,7,7,7,7,7,7,7,7,7,7,7,7,7,7,7,7,7,5,7
376,25,1,1,3,4,4,4,3,4,4,5,6,4,7,7,7,6,7,7,7,1,1,7,7,5,4,6,5,5,4,4,5,5,5,4,6,5,6,7,5,5,6,6,6,5,4,4,5,6,7
377,60,1,1,25,5,6,6,6,6,6,6,6,6,7,7,6,7,6,7,7,1,1,7,7,7,7,6,7,7,7,6,7,7,7,6,7,6,7,7,7,7,7,7,7,7,7,7,7,7,7
378,33,2,1,4,5,3,6,6,5,5,2,6,4,7,7,7,7,6,6,7,1,2,7,2,7,3,5,7,4,5,2,2,2,3,4,2,6,5,4,2,3,4,6,5,5,6,4,5,1,7
379,55,2,1,30,5,6,5,6,6,6,6,6,6,6,6,7,7,6,7,6,2,2,3,6,6,6,6,7,7,7,6,4,4,6,6,7,5,6,7,7,6,6,7,7,7,5,5,7,7,7
380,28,2,1,5,5,5,5,4,5,5,4,5,4,5,5,7,5,5,6,6,4,2,4,5,6,6,6,7,6,6,5,7,6,6,6,6,5,7,6,6,6,6,7,7,6,5,5,6,6,7
381,33,1,1,5,2,5,5,3,6,5,2,2,5,1,1,7,1,4,5,1,7,7,5,1,4,7,7,7,7,7,7,7,7,7,7,7,7,7,7,7,7,7,7,7,7,7,7,7,7,7
382,38,1,1,10,5,4,4,4,5,5,5,5,5,5,5,5,5,4,7,5,2,5,4,5,6,6,6,6,6,6,6,7,6,6,6,6,6,6,7,7,7,6,6,6,6,6,6,7,7,7
383,26,2,1,4,4,5,4,5,4,4,7,7,6,4,6,7,6,7,7,5,5,4,5,7,7,7,7,7,7,4,4,7,5,5,4,7,7,7,7,7,5,5,7,7,7,6,7,7,6,7
384,22,2,1,3,2,6,7,7,7,7,6,6,6,7,7,7,7,7,7,7,1,1,6,7,7,7,7,7,7,7,7,7,7,7,7,7,7,7,7,7,7,7,7,7,7,7,7,7,7,7
385,27,2,3,1,1,3,3,3,3,3,1,5,4,7,5,7,4,6,7,7,3,3,5,1,6,5,7,7,7,5,5,7,7,7,5,7,6,6,7,7,7,7,7,6,7,7,6,7,7,7
386,30,1,1,2,2,6,5,5,6,6,6,6,6,6,6,6,6,6,6,6,6,6,6,6,5,5,5,5,5,5,5,5,5,5,5,5,5,5,6,6,6,6,6,6,6,5,6,6,6,6
387,39,2,1,15,5,6,5,5,6,4,5,6,5,5,7,7,5,6,7,5,5,3,5,5,7,7,7,7,7,6,6,7,6,7,7,7,7,7,7,7,7,5,6,6,6,6,6,6,6,6
388,37,2,1,7,2,1,1,1,5,1,1,1,4,1,5,6,1,4,7,4,1,1,4,5,3,4,2,2,3,1,1,3,1,1,2,1,4,4,3,2,1,1,1,1,1,1,1,1,1,4
389,38,2,1,8,1,5,6,6,5,6,5,7,6,5,5,7,4,6,6,4,3,3,4,6,7,6,6,7,7,7,5,6,6,6,7,7,6,7,7,7,7,6,6,6,6,6,5,7,6,7
390,31,2,1,9,5,5,5,5,5,5,6,5,6,6,6,7,5,5,7,6,2,2,2,6,6,6,6,6,6,6,6,6,6,6,6,6,6,6,7,7,7,6,6,6,6,6,6,6,6,7
391,73,2,1,30,5,7,6,6,7,7,7,7,7,7,7,7,7,7,7,7,1,6,7,7,7,7,7,7,7,7,6,7,7,7,7,7,7,7,6,7,7,6,7,7,7,7,7,7,6,7
392,35,2,1,5,3,5,5,5,5,5,5,5,4,5,5,5,5,5,6,4,4,5,4,5,6,6,6,6,6,6,6,6,6,6,6,6,6,6,6,6,6,6,6,6,6,5,4,6,6,7
393,28,1,1,7,5,6,5,3,5,7,6,7,6,7,7,7,5,7,7,7,1,1,7,7,6,7,6,7,7,6,5,6,6,6,6,6,5,6,6,6,6,5,7,7,7,4,6,7,5,7
394,25,2,3,5,4,5,6,5,6,5,5,4,5,6,7,7,7,6,7,7,1,1,6,7,7,7,7,7,7,7,7,7,7,7,7,7,7,7,7,7,7,7,7,7,7,6,6,7,7,7
395,31,2,3,6,1,5,6,5,7,4,5,4,3,4,5,7,5,5,6,5,7,4,5,5,7,7,7,7,7,7,7,7,7,7,7,7,6,6,7,7,7,7,6,6,7,6,6,7,7,7
396,34,1,1,18,5,6,7,6,7,7,6,6,6,6,6,7,6,6,6,7,6,7,6,7,6,7,7,7,7,6,6,7,7,6,7,6,6,6,7,7,7,7,7,7,7,7,7,7,7,7
397,35,1,1,5,1,6,5,5,6,6,6,5,6,6,6,7,6,7,7,6,3,2,6,6,6,6,6,6,6,6,6,6,6,6,6,6,6,6,6,6,6,7,7,7,6,5,6,7,6,6
398,57,1,1,2,1,5,2,3,5,4,5,6,6,6,6,7,5,5,7,6,2,3,3,4,6,6,6,5,4,5,4,5,4,7,5,5,7,3,5,5,7,4,4,4,5,4,3,5,4,7
399,35,1,1,3,4,7,7,6,7,7,7,7,7,7,7,7,7,7,7,7,7,7,7,7,7,7,7,7,7,7,7,7,7,7,6,7,7,7,7,7,7,6,7,7,7,7,7,7,7,7
400,35,2,1,5,5,5,7,7,6,5,7,6,5,6,6,6,6,6,7,6,2,2,6,6,7,6,7,7,7,7,6,6,6,6,6,6,6,6,6,6,6,6,7,7,6,5,6,6,6,7
401,25,2,1,6,5,5,6,5,5,6,6,7,6,6,6,7,7,7,7,7,1,1,6,6,6,6,6,6,5,6,6,7,7,6,7,7,7,7,7,7,7,6,6,7,7,7,7,7,7,7
402,22,2,3,2,2,5,6,6,7,6,6,7,7,6,6,7,5,7,7,7,1,1,7,6,7,7,7,7,7,7,7,7,7,7,7,7,7,7,6,5,7,7,7,7,7,7,6,7,7,7
403,35,2,1,5,6,6,6,6,6,7,6,6,6,7,7,7,6,7,7,7,2,2,6,6,6,7,7,7,7,7,6,7,6,6,6,7,7,7,7,7,6,7,7,7,7,7,7,7,7,7
404,32,2,1,5,4,6,6,5,7,4,5,6,5,5,5,7,5,6,5,4,3,3,5,5,7,7,7,7,7,7,6,7,7,7,7,7,7,7,7,6,7,7,7,7,7,7,6,7,7,7
405,47,1,1,2,5,5,6,4,5,5,4,6,5,5,5,7,4,6,7,6,4,2,6,4,6,5,6,6,7,6,5,7,7,6,5,6,6,7,6,6,7,6,7,6,7,6,6,7,7,7
406,34,2,1,3,5,5,5,6,5,6,5,5,4,7,7,6,6,5,6,6,2,2,5,6,5,4,4,5,5,5,3,4,4,5,4,4,3,4,4,4,5,5,5,6,6,5,6,6,6,7
407,35,1,3,2,1,5,4,3,4,4,4,4,3,5,5,5,5,5,6,5,3,3,5,5,6,6,6,6,6,6,6,6,6,6,6,6,5,5,6,6,6,6,6,6,5,4,4,5,5,5
408,33,1,1,11,5,6,7,6,7,7,5,7,7,7,7,7,7,7,7,7,1,1,7,7,7,7,7,7,7,7,7,7,7,7,7,7,1,7,7,7,7,7,7,7,7,7,7,7,7,7
409,38,1,1,5,1,4,5,5,4,1,4,4,1,7,7,7,7,7,7,1,7,1,4,7,7,7,7,7,7,7,7,7,4,7,5,4,1,1,4,4,4,4,4,4,7,7,7,7,7,7
410,19,2,1,2,2,6,5,5,6,6,5,5,5,6,6,6,6,6,6,6,3,2,4,6,7,7,6,7,6,6,6,6,6,6,6,6,6,6,5,5,5,5,6,6,7,5,6,7,6,7
411,28,1,1,3,5,7,6,6,7,7,7,7,7,6,7,6,7,6,7,7,6,7,7,7,6,7,6,7,7,7,6,6,5,7,7,6,6,5,7,6,6,7,7,7,7,6,6,7,7,7
412,39,1,1,8,5,7,6,6,7,7,6,7,6,7,7,7,7,7,7,7,1,1,7,7,7,7,7,7,7,7,7,7,7,7,7,7,7,7,7,7,7,7,7,7,7,7,7,7,7,7
413,35,2,1,16,5,5,5,6,5,6,2,2,4,4,5,5,3,5,6,4,5,4,3,5,4,5,5,5,4,6,5,5,5,5,3,4,5,5,4,3,4,4,5,5,3,1,3,4,2,4
414,38,2,1,19,5,5,4,5,5,5,6,6,4,5,6,7,3,7,6,3,5,6,1,4,5,4,6,6,5,4,4,5,5,6,4,3,3,4,2,2,3,4,5,5,4,3,2,3,3,7
415,40,1,1,3,1,5,5,4,5,6,3,7,6,6,6,5,3,7,7,7,2,3,6,6,5,7,4,5,4,3,4,6,5,5,3,5,3,3,3,3,3,7,6,6,4,5,4,5,7,7
416,31,2,1,3,1,4,4,3,5,5,6,5,5,4,5,5,5,3,3,5,2,3,2,4,5,5,4,3,5,5,6,6,3,5,5,4,3,5,5,5,5,6,6,6,6,6,5,6,6,4
417,20,1,3,2,1,5,5,6,5,5,6,4,7,6,5,6,7,5,6,7,4,7,5,7,5,5,6,7,5,7,5,6,5,4,5,5,7,6,6,7,6,5,7,6,6,4,6,5,7,6
418,34,1,1,11,5,5,5,5,6,6,3,6,6,6,7,6,6,7,6,6,2,2,6,6,6,6,7,6,7,6,5,6,6,6,4,6,6,6,6,6,6,5,7,7,6,5,6,7,5,7
419,27,1,1,4,1,7,6,5,6,6,5,7,6,6,7,5,6,6,7,7,6,2,7,6,7,6,6,7,7,7,7,6,7,7,6,6,5,7,7,5,6,7,7,7,7,6,7,7,7,7
420,37,2,3,2,5,6,6,5,6,5,2,4,5,5,6,7,6,5,7,5,3,4,4,3,7,7,7,7,7,7,7,7,7,7,7,7,7,7,7,7,7,7,7,7,7,7,7,7,7,7
421,52,2,1,5,5,6,5,6,7,7,7,7,7,6,7,6,6,5,7,6,1,1,7,7,7,7,7,7,7,7,7,7,7,7,7,7,7,7,7,7,7,7,7,7,7,7,7,7,7,7
422,32,2,1,6,5,7,6,6,7,6,6,7,7,6,7,7,5,7,7,7,3,2,6,6,6,6,7,5,7,4,4,7,4,6,5,6,4,7,7,7,4,7,6,6,6,6,7,7,7,7
423,36,2,1,18,6,6,6,7,6,5,2,5,5,4,3,5,3,4,6,3,7,3,2,1,5,5,6,6,6,4,3,6,5,5,6,3,4,6,5,3,3,5,6,4,5,6,4,5,4,7
424,68,2,1,30,5,5,3,5,6,6,6,6,6,6,6,6,6,5,5,5,3,3,5,5,6,6,6,6,6,6,6,6,6,6,6,6,6,6,6,6,6,6,6,6,6,6,5,6,6,7
425,29,1,1,2,2,5,6,6,5,7,2,6,5,6,6,7,7,7,7,7,1,1,5,6,7,7,7,7,7,7,7,7,7,7,7,7,7,7,7,7,7,6,6,6,6,6,6,6,6,7
426,35,1,1,11,5,6,5,5,6,5,4,6,6,5,7,7,6,6,7,6,3,2,5,5,7,7,7,7,6,7,6,7,6,7,7,6,6,7,6,6,6,7,7,7,7,6,7,7,6,7
427,32,2,1,2,2,3,5,3,4,5,5,5,3,3,5,5,3,3,5,4,3,4,3,6,3,2,4,3,2,3,3,5,4,4,3,4,3,5,5,5,5,2,4,5,4,3,2,3,1,4
428,37,2,1,1,2,6,5,6,6,5,2,4,4,4,3,6,4,4,6,2,6,4,4,3,5,5,5,5,5,5,4,5,5,5,5,4,4,4,5,3,4,5,5,5,5,4,3,6,4,6
429,35,1,1,14,5,7,7,7,7,7,7,7,7,6,7,7,7,7,7,7,1,1,7,7,7,6,7,7,7,6,7,7,7,7,7,6,7,7,7,6,7,6,7,7,7,7,6,7,7,7
430,30,1,1,5,5,7,7,7,7,7,7,6,7,7,7,7,6,7,7,7,1,1,7,7,7,7,7,7,7,7,7,7,7,7,7,7,7,7,7,7,7,7,7,7,7,7,7,7,7,7
431,51,2,1,19,5,6,6,6,6,6,6,7,6,7,7,7,7,7,7,7,4,2,5,6,6,6,5,6,5,6,5,5,5,5,6,5,6,6,5,5,5,6,6,7,6,6,6,6,6,7
432,24,2,3,7,2,7,6,6,6,6,6,7,5,7,7,7,7,7,7,7,1,1,5,5,7,6,6,6,6,6,7,7,7,7,6,7,7,7,7,7,7,7,7,7,7,4,6,7,7,7
433,41,1,1,14,2,7,6,5,7,7,6,7,7,7,7,7,6,7,7,7,2,1,7,7,7,6,6,7,7,7,7,7,7,7,7,7,7,7,7,7,7,7,7,7,7,4,7,7,7,7
434,36,1,1,3,5,6,6,3,7,6,6,7,6,7,7,7,7,7,7,7,1,1,7,5,7,7,6,7,6,6,7,6,7,7,6,7,6,7,7,7,7,6,7,7,7,6,6,7,7,7
435,30,1,1,10,5,6,5,6,4,6,5,6,5,5,5,5,6,5,5,5,5,6,5,6,7,7,7,6,5,6,5,6,6,6,6,7,7,7,7,7,7,6,6,7,6,5,6,7,7,7
436,51,2,1,9,4,6,7,6,7,7,6,7,7,5,6,6,5,6,7,6,2,2,4,5,7,7,7,7,7,7,7,7,7,7,7,7,7,7,7,7,7,6,7,7,7,7,7,7,7,7
437,33,2,1,10,5,6,6,6,6,6,6,6,6,7,7,6,6,7,7,7,2,2,6,6,7,7,7,7,7,7,6,7,7,6,6,7,5,6,7,6,6,5,6,6,7,6,6,6,5,7
438,28,2,3,6,5,6,5,5,6,4,4,6,4,5,5,7,5,7,7,5,2,5,5,6,7,6,7,7,7,7,7,6,6,6,6,7,6,6,7,7,6,7,7,7,7,7,7,7,7,7
439,26,1,1,5,5,5,5,7,6,6,6,6,6,7,7,7,7,7,7,7,7,7,7,7,7,7,7,7,7,7,7,7,7,7,7,7,7,7,7,7,7,7,7,7,7,7,7,7,7,7
440,50,2,1,30,5,5,5,5,5,5,5,5,5,7,7,6,6,7,6,6,6,1,4,7,5,5,5,5,5,5,4,6,3,5,5,5,5,5,6,6,6,6,6,6,7,6,5,6,6,7
441,59,2,1,3,1,6,7,7,6,6,7,6,6,5,5,6,5,7,7,6,2,2,5,6,5,4,5,7,5,6,5,6,5,6,6,6,6,7,6,5,6,6,6,6,6,5,5,7,7,7
442,32,1,1,5,5,5,6,4,6,6,5,6,5,6,6,7,6,6,6,7,3,2,6,6,6,6,5,6,6,7,7,7,7,6,7,7,6,6,7,7,7,5,6,6,6,6,6,6,6,7
443,34,2,1,14,4,5,7,5,6,6,5,5,4,6,5,6,4,5,6,5,1,3,3,3,6,5,3,6,3,3,4,4,4,4,4,3,4,5,4,3,4,5,5,4,4,4,4,4,3,6
444,65,2,1,22,5,7,7,7,7,7,7,7,7,7,7,7,7,7,7,7,1,1,7,7,7,7,7,7,7,7,7,7,7,7,7,7,7,7,7,7,7,7,7,7,7,7,7,7,7,7
445,26,1,3,8,2,5,6,6,6,6,5,6,6,6,6,7,6,6,7,6,1,1,7,7,7,7,7,7,7,7,7,7,7,7,7,7,7,7,7,7,7,6,6,7,7,6,6,7,7,7
446,35,2,1,12,5,5,3,4,5,4,3,5,4,5,7,6,5,5,7,7,2,4,4,6,5,5,5,6,5,5,4,4,4,5,3,3,3,4,4,4,3,5,5,5,5,5,4,5,4,7
447,29,2,2,3,2,5,5,5,6,5,5,6,5,6,7,7,6,7,7,7,1,1,6,7,6,6,6,6,6,6,6,7,7,6,6,7,6,6,7,7,7,7,7,7,7,6,6,7,7,7
448,40,1,1,7,4,6,6,6,5,6,6,6,5,5,6,5,6,5,5,6,2,2,6,5,5,5,5,5,5,5,5,5,5,5,5,5,5,6,5,6,5,5,6,6,6,6,6,6,6,6
449,44,2,1,19,5,4,6,5,5,6,3,4,4,5,5,7,4,7,6,4,3,2,2,3,6,6,7,7,6,5,5,6,6,7,7,6,6,6,6,6,7,6,6,5,6,5,6,7,5,7
450,35,2,1,10,5,5,6,5,6,6,5,5,5,7,7,7,6,5,7,6,2,1,4,4,7,7,7,7,7,7,6,7,6,7,6,7,7,7,7,7,7,6,6,6,6,6,6,7,6,7
